0 verbose cli C:\Program Files\nodejs\node.exe C:\Program Files\nodejs\node_modules\npm\bin\npm-cli.js
1 info using npm@10.9.2
2 info using node@v22.14.0
3 silly config load:file:C:\Program Files\nodejs\node_modules\npm\npmrc
4 silly config load:file:E:\portfolio\my-portfolio\server\.npmrc
5 silly config load:file:C:\Users\HP\.npmrc
6 silly config load:file:E:\portfolio\my-portfolio\server\.npm-global\etc\npmrc
7 verbose title npm install dotenv
8 verbose argv "install" "dotenv"
9 verbose logfile logs-max:10 dir:E:\portfolio\my-portfolio\server\.npm-cache\_logs\2026-08-24T15_16_37_926Z-
10 verbose logfile E:\portfolio\my-portfolio\server\.npm-cache\_logs\2026-08-24T15_16_37_926Z-debug-0.log
11 silly logfile done cleaning log files
12 silly packumentCache heap:2197815296 maxSize:549453824 maxEntrySize:274726912
13 silly idealTree buildDeps
14 silly fetch manifest @google/genai@^2.18.0
15 silly packumentCache full:https://registry.npmjs.org/@google%2fgenai cache-miss
16 http cache https://registry.npmjs.org/@google%2fgenai 26ms (cache hit)
17 silly packumentCache full:https://registry.npmjs.org/@google%2fgenai set size:545639 disposed:false
18 silly fetch manifest @modelcontextprotocol/sdk@^1.25.2
19 silly packumentCache full:https://registry.npmjs.org/@modelcontextprotocol%2fsdk cache-miss
20 http fetch GET 200 https://registry.npmjs.org/@modelcontextprotocol%2fsdk 460ms (cache miss)
21 silly packumentCache full:https://registry.npmjs.org/@modelcontextprotocol%2fsdk set size:undefined disposed:false
22 silly fetch manifest @cfworker/json-schema@^4.1.1
23 silly packumentCache full:https://registry.npmjs.org/@cfworker%2fjson-schema cache-miss
24 http fetch GET 200 https://registry.npmjs.org/@cfworker%2fjson-schema 119ms (cache miss)
25 silly packumentCache full:https://registry.npmjs.org/@cfworker%2fjson-schema set size:undefined disposed:false
26 silly fetch manifest cors@^2.8.5
27 silly packumentCache full:https://registry.npmjs.org/cors cache-miss
28 http cache https://registry.npmjs.org/cors 7ms (cache hit)
29 silly packumentCache full:https://registry.npmjs.org/cors set size:77956 disposed:false
30 silly fetch manifest dotenv@^17.2.2
31 silly packumentCache full:https://registry.npmjs.org/dotenv cache-miss
32 http cache https://registry.npmjs.org/dotenv 11ms (cache hit)
33 silly packumentCache full:https://registry.npmjs.org/dotenv set size:277821 disposed:false
34 silly fetch manifest express@^5.1.0
35 silly packumentCache full:https://registry.npmjs.org/express cache-miss
36 http cache https://registry.npmjs.org/express 9ms (cache hit)
37 silly packumentCache full:https://registry.npmjs.org/express set size:804975 disposed:false
38 silly fetch manifest nodemon@^3.1.10
39 silly packumentCache full:https://registry.npmjs.org/nodemon cache-miss
40 http fetch GET 200 https://registry.npmjs.org/nodemon 213ms (cache miss)
41 silly packumentCache full:https://registry.npmjs.org/nodemon set size:undefined disposed:false
42 silly placeDep ROOT @google/genai@2.18.0 OK for: my-portfolio-server@1.0.0 want: ^2.18.0
43 silly placeDep ROOT cors@2.8.6 OK for: my-portfolio-server@1.0.0 want: ^2.8.5
44 silly placeDep ROOT dotenv@17.4.2 OK for: my-portfolio-server@1.0.0 want: ^17.2.2
45 silly placeDep ROOT express@5.2.1 OK for: my-portfolio-server@1.0.0 want: ^5.1.0
46 silly placeDep ROOT nodemon@3.1.14 OK for: my-portfolio-server@1.0.0 want: ^3.1.10
47 silly fetch manifest ws@^8.18.0
48 silly packumentCache full:https://registry.npmjs.org/ws cache-miss
49 silly fetch manifest p-retry@^4.6.2
50 silly packumentCache full:https://registry.npmjs.org/p-retry cache-miss
51 silly fetch manifest protobufjs@^7.5.4
52 silly packumentCache full:https://registry.npmjs.org/protobufjs cache-miss
53 silly fetch manifest google-auth-library@^10.3.0
54 silly packumentCache full:https://registry.npmjs.org/google-auth-library cache-miss
55 silly fetch manifest object-assign@^4
56 silly packumentCache full:https://registry.npmjs.org/object-assign cache-miss
57 silly fetch manifest vary@^1
58 silly packumentCache full:https://registry.npmjs.org/vary cache-miss
59 silly fetch manifest qs@^6.14.0
60 silly packumentCache full:https://registry.npmjs.org/qs cache-miss
61 silly fetch manifest depd@^2.0.0
62 silly packumentCache full:https://registry.npmjs.org/depd cache-miss
63 silly fetch manifest etag@^1.8.1
64 silly packumentCache full:https://registry.npmjs.org/etag cache-miss
65 silly fetch manifest once@^1.4.0
66 silly packumentCache full:https://registry.npmjs.org/once cache-miss
67 silly fetch manifest send@^1.1.0
68 silly packumentCache full:https://registry.npmjs.org/send cache-miss
69 http cache https://registry.npmjs.org/vary 33ms (cache hit)
70 silly packumentCache full:https://registry.npmjs.org/vary set size:15994 disposed:false
71 silly fetch manifest vary@^1.1.2
72 silly packumentCache full:https://registry.npmjs.org/vary cache-hit
73 silly fetch manifest debug@^4.4.0
74 silly packumentCache full:https://registry.npmjs.org/debug cache-miss
75 http cache https://registry.npmjs.org/etag 36ms (cache hit)
76 silly packumentCache full:https://registry.npmjs.org/etag set size:30032 disposed:false
77 silly fetch manifest fresh@^2.0.0
78 silly packumentCache full:https://registry.npmjs.org/fresh cache-miss
79 http cache https://registry.npmjs.org/qs 37ms (cache hit)
80 silly packumentCache full:https://registry.npmjs.org/qs set size:360318 disposed:false
81 silly fetch manifest cookie@^0.7.1
82 silly packumentCache full:https://registry.npmjs.org/cookie cache-miss
83 http cache https://registry.npmjs.org/depd 41ms (cache hit)
84 silly packumentCache full:https://registry.npmjs.org/depd set size:40182 disposed:false
85 silly fetch manifest router@^2.2.0
86 silly packumentCache full:https://registry.npmjs.org/router cache-miss
87 http cache https://registry.npmjs.org/object-assign 43ms (cache hit)
88 silly packumentCache full:https://registry.npmjs.org/object-assign set size:28988 disposed:false
89 silly fetch manifest accepts@^2.0.0
90 silly packumentCache full:https://registry.npmjs.org/accepts cache-miss
91 http cache https://registry.npmjs.org/send 43ms (cache hit)
92 silly packumentCache full:https://registry.npmjs.org/send set size:152810 disposed:false
93 silly fetch manifest type-is@^2.0.1
94 silly packumentCache full:https://registry.npmjs.org/type-is cache-miss
95 http cache https://registry.npmjs.org/debug 22ms (cache hit)
96 silly packumentCache full:https://registry.npmjs.org/debug set size:195840 disposed:false
97 silly fetch manifest parseurl@^1.3.3
98 silly packumentCache full:https://registry.npmjs.org/parseurl cache-miss
99 http cache https://registry.npmjs.org/fresh 23ms (cache hit)
100 silly packumentCache full:https://registry.npmjs.org/fresh set size:25427 disposed:false
101 silly fetch manifest statuses@^2.0.1
102 silly packumentCache full:https://registry.npmjs.org/statuses cache-miss
103 http cache https://registry.npmjs.org/accepts 20ms (cache hit)
104 silly packumentCache full:https://registry.npmjs.org/accepts set size:77054 disposed:false
105 silly fetch manifest encodeurl@^2.0.0
106 silly packumentCache full:https://registry.npmjs.org/encodeurl cache-miss
107 http cache https://registry.npmjs.org/cookie 24ms (cache hit)
108 silly packumentCache full:https://registry.npmjs.org/cookie set size:78274 disposed:false
109 silly fetch manifest mime-types@^3.0.0
110 silly packumentCache full:https://registry.npmjs.org/mime-types cache-miss
111 http cache https://registry.npmjs.org/type-is 23ms (cache hit)
112 silly packumentCache full:https://registry.npmjs.org/type-is set size:88614 disposed:false
113 silly fetch manifest proxy-addr@^2.0.7
114 silly packumentCache full:https://registry.npmjs.org/proxy-addr cache-miss
115 http cache https://registry.npmjs.org/parseurl 20ms (cache hit)
116 silly packumentCache full:https://registry.npmjs.org/parseurl set size:24148 disposed:false
117 silly fetch manifest body-parser@^2.2.1
118 silly packumentCache full:https://registry.npmjs.org/body-parser cache-miss
119 http cache https://registry.npmjs.org/statuses 20ms (cache hit)
120 silly packumentCache full:https://registry.npmjs.org/statuses set size:37117 disposed:false
121 silly fetch manifest escape-html@^1.0.3
122 silly packumentCache full:https://registry.npmjs.org/escape-html cache-miss
123 http cache https://registry.npmjs.org/encodeurl 19ms (cache hit)
124 silly packumentCache full:https://registry.npmjs.org/encodeurl set size:12296 disposed:false
125 silly fetch manifest http-errors@^2.0.0
126 silly packumentCache full:https://registry.npmjs.org/http-errors cache-miss
127 http cache https://registry.npmjs.org/mime-types 17ms (cache hit)
128 silly packumentCache full:https://registry.npmjs.org/mime-types set size:139110 disposed:false
129 silly fetch manifest on-finished@^2.4.1
130 silly packumentCache full:https://registry.npmjs.org/on-finished cache-miss
131 http cache https://registry.npmjs.org/proxy-addr 16ms (cache hit)
132 silly packumentCache full:https://registry.npmjs.org/proxy-addr set size:61619 disposed:false
133 silly fetch manifest content-type@^1.0.5
134 silly packumentCache full:https://registry.npmjs.org/content-type cache-miss
135 http cache https://registry.npmjs.org/body-parser 15ms (cache hit)
136 silly packumentCache full:https://registry.npmjs.org/body-parser set size:204559 disposed:false
137 silly fetch manifest finalhandler@^2.1.0
138 silly packumentCache full:https://registry.npmjs.org/finalhandler cache-miss
139 http cache https://registry.npmjs.org/escape-html 16ms (cache hit)
140 silly packumentCache full:https://registry.npmjs.org/escape-html set size:7345 disposed:false
141 silly fetch manifest range-parser@^1.2.1
142 silly packumentCache full:https://registry.npmjs.org/range-parser cache-miss
143 http cache https://registry.npmjs.org/http-errors 16ms (cache hit)
144 silly packumentCache full:https://registry.npmjs.org/http-errors set size:71987 disposed:false
145 silly fetch manifest serve-static@^2.2.0
146 silly packumentCache full:https://registry.npmjs.org/serve-static cache-miss
147 http cache https://registry.npmjs.org/on-finished 15ms (cache hit)
148 silly packumentCache full:https://registry.npmjs.org/on-finished set size:23212 disposed:false
149 silly fetch manifest cookie-signature@^1.2.1
150 silly packumentCache full:https://registry.npmjs.org/cookie-signature cache-miss
151 http cache https://registry.npmjs.org/content-type 18ms (cache hit)
152 silly packumentCache full:https://registry.npmjs.org/content-type set size:23936 disposed:false
153 silly fetch manifest merge-descriptors@^2.0.0
154 silly packumentCache full:https://registry.npmjs.org/merge-descriptors cache-miss
155 http cache https://registry.npmjs.org/finalhandler 17ms (cache hit)
156 silly packumentCache full:https://registry.npmjs.org/finalhandler set size:79291 disposed:false
157 silly fetch manifest content-disposition@^1.0.0
158 silly packumentCache full:https://registry.npmjs.org/content-disposition cache-miss
159 http cache https://registry.npmjs.org/range-parser 18ms (cache hit)
160 silly packumentCache full:https://registry.npmjs.org/range-parser set size:24852 disposed:false
161 silly fetch manifest debug@^4
162 silly packumentCache full:https://registry.npmjs.org/debug cache-hit
163 silly fetch manifest touch@^3.1.0
164 silly packumentCache full:https://registry.npmjs.org/touch cache-miss
165 http cache https://registry.npmjs.org/cookie-signature 17ms (cache hit)
166 silly packumentCache full:https://registry.npmjs.org/cookie-signature set size:21777 disposed:false
167 silly fetch manifest semver@^7.5.3
168 silly packumentCache full:https://registry.npmjs.org/semver cache-miss
169 http cache https://registry.npmjs.org/merge-descriptors 14ms (cache hit)
170 silly packumentCache full:https://registry.npmjs.org/merge-descriptors set size:16527 disposed:false
171 silly fetch manifest chokidar@^3.5.2
172 silly packumentCache full:https://registry.npmjs.org/chokidar cache-miss
173 http cache https://registry.npmjs.org/serve-static 20ms (cache hit)
174 silly packumentCache full:https://registry.npmjs.org/serve-static set size:150391 disposed:false
175 silly fetch manifest minimatch@^10.2.1
176 silly packumentCache full:https://registry.npmjs.org/minimatch cache-miss
177 http cache https://registry.npmjs.org/content-disposition 16ms (cache hit)
178 silly packumentCache full:https://registry.npmjs.org/content-disposition set size:45446 disposed:false
179 silly fetch manifest undefsafe@^2.0.5
180 silly packumentCache full:https://registry.npmjs.org/undefsafe cache-miss
181 http fetch GET 200 https://registry.npmjs.org/ws 178ms (cache miss)
182 silly packumentCache full:https://registry.npmjs.org/ws set size:undefined disposed:false
183 silly fetch manifest pstree.remy@^1.1.8
184 silly packumentCache full:https://registry.npmjs.org/pstree.remy cache-miss
185 http fetch GET 200 https://registry.npmjs.org/pstree.remy 129ms (cache miss)
186 silly packumentCache full:https://registry.npmjs.org/pstree.remy set size:undefined disposed:false
187 silly fetch manifest supports-color@^5.5.0
188 silly packumentCache full:https://registry.npmjs.org/supports-color cache-miss
189 http fetch GET 200 https://registry.npmjs.org/once 397ms (cache miss)
190 silly packumentCache full:https://registry.npmjs.org/once set size:undefined disposed:false
191 silly fetch manifest ignore-by-default@^1.0.1
192 silly packumentCache full:https://registry.npmjs.org/ignore-by-default cache-miss
193 http fetch GET 200 https://registry.npmjs.org/p-retry 401ms (cache miss)
194 silly packumentCache full:https://registry.npmjs.org/p-retry set size:undefined disposed:false
195 silly fetch manifest simple-update-notifier@^2.0.0
196 silly packumentCache full:https://registry.npmjs.org/simple-update-notifier cache-miss
197 http fetch GET 200 https://registry.npmjs.org/supports-color 98ms (cache miss)
198 silly packumentCache full:https://registry.npmjs.org/supports-color set size:undefined disposed:false
199 http fetch GET 200 https://registry.npmjs.org/router 368ms (cache miss)
200 silly packumentCache full:https://registry.npmjs.org/router set size:undefined disposed:false
201 http fetch GET 200 https://registry.npmjs.org/protobufjs 472ms (cache miss)
202 silly packumentCache full:https://registry.npmjs.org/protobufjs set size:undefined disposed:false
203 http fetch GET 200 https://registry.npmjs.org/undefsafe 349ms (cache miss)
204 silly packumentCache full:https://registry.npmjs.org/undefsafe set size:undefined disposed:false
205 http fetch GET 200 https://registry.npmjs.org/touch 376ms (cache miss)
206 silly packumentCache full:https://registry.npmjs.org/touch set size:undefined disposed:false
207 http fetch GET 200 https://registry.npmjs.org/chokidar 391ms (cache miss)
208 silly packumentCache full:https://registry.npmjs.org/chokidar set size:undefined disposed:false
209 http fetch GET 200 https://registry.npmjs.org/ignore-by-default 117ms (cache miss)
210 silly packumentCache full:https://registry.npmjs.org/ignore-by-default set size:undefined disposed:false
211 http fetch GET 200 https://registry.npmjs.org/simple-update-notifier 122ms (cache miss)
212 silly packumentCache full:https://registry.npmjs.org/simple-update-notifier set size:undefined disposed:false
213 http fetch GET 200 https://registry.npmjs.org/semver 406ms (cache miss)
214 silly packumentCache full:https://registry.npmjs.org/semver set size:undefined disposed:false
215 http fetch GET 200 https://registry.npmjs.org/google-auth-library 540ms (cache miss)
216 silly packumentCache full:https://registry.npmjs.org/google-auth-library set size:undefined disposed:false
217 http fetch GET 200 https://registry.npmjs.org/minimatch 463ms (cache miss)
218 silly packumentCache full:https://registry.npmjs.org/minimatch set size:undefined disposed:false
219 silly fetch manifest bufferutil@^4.0.1
220 silly packumentCache full:https://registry.npmjs.org/bufferutil cache-miss
221 http fetch GET 200 https://registry.npmjs.org/bufferutil 104ms (cache miss)
222 silly packumentCache full:https://registry.npmjs.org/bufferutil set size:undefined disposed:false
223 silly fetch manifest utf-8-validate@>=5.0.2
224 silly packumentCache full:https://registry.npmjs.org/utf-8-validate cache-miss
225 http fetch GET 200 https://registry.npmjs.org/utf-8-validate 116ms (cache miss)
226 silly packumentCache full:https://registry.npmjs.org/utf-8-validate set size:undefined disposed:false
227 silly placeDep ROOT google-auth-library@10.9.1 OK for: @google/genai@2.18.0 want: ^10.3.0
228 silly placeDep ROOT p-retry@4.6.2 OK for: @google/genai@2.18.0 want: ^4.6.2
229 silly placeDep ROOT protobufjs@7.6.5 OK for: @google/genai@2.18.0 want: ^7.5.4
230 silly placeDep ROOT ws@8.21.3 OK for: @google/genai@2.18.0 want: ^8.18.0
231 silly fetch manifest jws@^4.0.0
232 silly packumentCache full:https://registry.npmjs.org/jws cache-miss
233 silly fetch manifest gaxios@^7.1.4
234 silly packumentCache full:https://registry.npmjs.org/gaxios cache-miss
235 silly fetch manifest base64-js@^1.3.0
236 silly packumentCache full:https://registry.npmjs.org/base64-js cache-miss
237 silly fetch manifest gcp-metadata@8.1.2
238 silly packumentCache full:https://registry.npmjs.org/gcp-metadata cache-miss
239 silly fetch manifest ecdsa-sig-formatter@^1.0.11
240 silly packumentCache full:https://registry.npmjs.org/ecdsa-sig-formatter cache-miss
241 silly fetch manifest google-logging-utils@1.1.3
242 silly packumentCache full:https://registry.npmjs.org/google-logging-utils cache-miss
243 silly fetch manifest retry@^0.13.1
244 silly packumentCache full:https://registry.npmjs.org/retry cache-miss
245 silly fetch manifest @types/retry@0.12.0
246 silly packumentCache full:https://registry.npmjs.org/@types%2fretry cache-miss
247 silly fetch manifest long@^5.3.2
248 silly packumentCache full:https://registry.npmjs.org/long cache-miss
249 silly fetch manifest @types/node@>=13.7.0
250 silly packumentCache full:https://registry.npmjs.org/@types%2fnode cache-miss
251 silly fetch manifest @protobufjs/path@^1.1.2
252 silly packumentCache full:https://registry.npmjs.org/@protobufjs%2fpath cache-miss
253 http cache https://registry.npmjs.org/gcp-metadata 21ms (cache hit)
254 silly packumentCache full:https://registry.npmjs.org/gcp-metadata set size:210123 disposed:false
255 silly fetch manifest @protobufjs/pool@^1.1.0
256 silly packumentCache full:https://registry.npmjs.org/@protobufjs%2fpool cache-miss
257 http fetch GET 200 https://registry.npmjs.org/jws 111ms (cache miss)
258 silly packumentCache full:https://registry.npmjs.org/jws set size:undefined disposed:false
259 silly fetch manifest @protobufjs/utf8@^1.1.1
260 silly packumentCache full:https://registry.npmjs.org/@protobufjs%2futf8 cache-miss
261 http fetch GET 200 https://registry.npmjs.org/ecdsa-sig-formatter 118ms (cache miss)
262 silly packumentCache full:https://registry.npmjs.org/ecdsa-sig-formatter set size:undefined disposed:false
263 silly fetch manifest @protobufjs/fetch@^1.1.1
264 silly packumentCache full:https://registry.npmjs.org/@protobufjs%2ffetch cache-miss
265 http fetch GET 200 https://registry.npmjs.org/google-logging-utils 128ms (cache miss)
266 silly packumentCache full:https://registry.npmjs.org/google-logging-utils set size:undefined disposed:false
267 silly fetch manifest @protobufjs/float@^1.0.2
268 silly packumentCache full:https://registry.npmjs.org/@protobufjs%2ffloat cache-miss
269 http fetch GET 200 https://registry.npmjs.org/retry 132ms (cache miss)
270 silly packumentCache full:https://registry.npmjs.org/retry set size:undefined disposed:false
271 silly fetch manifest @protobufjs/base64@^1.1.2
272 silly packumentCache full:https://registry.npmjs.org/@protobufjs%2fbase64 cache-miss
273 http fetch GET 200 https://registry.npmjs.org/long 133ms (cache miss)
274 silly packumentCache full:https://registry.npmjs.org/long set size:undefined disposed:false
275 silly fetch manifest @protobufjs/codegen@^2.0.5
276 silly packumentCache full:https://registry.npmjs.org/@protobufjs%2fcodegen cache-miss
277 http fetch GET 200 https://registry.npmjs.org/@protobufjs%2fpath 140ms (cache miss)
278 silly packumentCache full:https://registry.npmjs.org/@protobufjs%2fpath set size:undefined disposed:false
279 silly fetch manifest @protobufjs/aspromise@^1.1.2
280 silly packumentCache full:https://registry.npmjs.org/@protobufjs%2faspromise cache-miss
281 http fetch GET 200 https://registry.npmjs.org/gaxios 204ms (cache miss)
282 silly packumentCache full:https://registry.npmjs.org/gaxios set size:undefined disposed:false
283 silly fetch manifest @protobufjs/eventemitter@^1.1.1
284 silly packumentCache full:https://registry.npmjs.org/@protobufjs%2feventemitter cache-miss
285 http fetch GET 200 https://registry.npmjs.org/@protobufjs%2futf8 107ms (cache miss)
286 silly packumentCache full:https://registry.npmjs.org/@protobufjs%2futf8 set size:undefined disposed:false
287 http fetch GET 200 https://registry.npmjs.org/@protobufjs%2fbase64 86ms (cache miss)
288 silly packumentCache full:https://registry.npmjs.org/@protobufjs%2fbase64 set size:undefined disposed:false
289 http fetch GET 200 https://registry.npmjs.org/@protobufjs%2ffetch 101ms (cache miss)
290 silly packumentCache full:https://registry.npmjs.org/@protobufjs%2ffetch set size:undefined disposed:false
291 http fetch GET 200 https://registry.npmjs.org/base64-js 378ms (cache miss)
292 silly packumentCache full:https://registry.npmjs.org/base64-js set size:undefined disposed:false
293 http fetch GET 200 https://registry.npmjs.org/@protobufjs%2ffloat 271ms (cache miss)
294 silly packumentCache full:https://registry.npmjs.org/@protobufjs%2ffloat set size:undefined disposed:false
295 http fetch GET 200 https://registry.npmjs.org/@protobufjs%2fpool 380ms (cache miss)
296 silly packumentCache full:https://registry.npmjs.org/@protobufjs%2fpool set size:undefined disposed:false
297 http fetch GET 200 https://registry.npmjs.org/@types%2fretry 404ms (cache miss)
298 silly packumentCache full:https://registry.npmjs.org/@types%2fretry set size:undefined disposed:false
299 http fetch GET 200 https://registry.npmjs.org/@protobufjs%2faspromise 423ms (cache miss)
300 silly packumentCache full:https://registry.npmjs.org/@protobufjs%2faspromise set size:undefined disposed:false
301 http fetch GET 200 https://registry.npmjs.org/@protobufjs%2fcodegen 462ms (cache miss)
302 silly packumentCache full:https://registry.npmjs.org/@protobufjs%2fcodegen set size:undefined disposed:false
303 http fetch GET 200 https://registry.npmjs.org/@protobufjs%2feventemitter 459ms (cache miss)
304 silly packumentCache full:https://registry.npmjs.org/@protobufjs%2feventemitter set size:undefined disposed:false
305 http fetch GET 200 https://registry.npmjs.org/@types%2fnode 734ms (cache miss)
306 silly packumentCache full:https://registry.npmjs.org/@types%2fnode set size:undefined disposed:false
307 silly placeDep ROOT object-assign@4.1.1 OK for: cors@2.8.6 want: ^4
308 silly placeDep ROOT vary@1.1.2 OK for: cors@2.8.6 want: ^1
309 silly placeDep ROOT accepts@2.0.0 OK for: express@5.2.1 want: ^2.0.0
310 silly placeDep ROOT body-parser@2.3.0 OK for: express@5.2.1 want: ^2.2.1
311 silly placeDep ROOT content-disposition@1.1.0 OK for: express@5.2.1 want: ^1.0.0
312 silly placeDep ROOT content-type@1.0.5 OK for: express@5.2.1 want: ^1.0.5
313 silly placeDep ROOT cookie@0.7.2 OK for: express@5.2.1 want: ^0.7.1
314 silly placeDep ROOT cookie-signature@1.2.2 OK for: express@5.2.1 want: ^1.2.1
315 silly placeDep ROOT debug@4.4.3 OK for: express@5.2.1 want: ^4.4.0
316 silly placeDep ROOT depd@2.0.0 OK for: express@5.2.1 want: ^2.0.0
317 silly placeDep ROOT encodeurl@2.0.0 OK for: express@5.2.1 want: ^2.0.0
318 silly placeDep ROOT escape-html@1.0.3 OK for: express@5.2.1 want: ^1.0.3
319 silly placeDep ROOT etag@1.8.1 OK for: express@5.2.1 want: ^1.8.1
320 silly placeDep ROOT finalhandler@2.1.1 OK for: express@5.2.1 want: ^2.1.0
321 silly placeDep ROOT fresh@2.0.0 OK for: express@5.2.1 want: ^2.0.0
322 silly placeDep ROOT http-errors@2.0.1 OK for: express@5.2.1 want: ^2.0.0
323 silly placeDep ROOT merge-descriptors@2.0.0 OK for: express@5.2.1 want: ^2.0.0
324 silly placeDep ROOT mime-types@3.0.2 OK for: express@5.2.1 want: ^3.0.0
325 silly placeDep ROOT on-finished@2.4.1 OK for: express@5.2.1 want: ^2.4.1
326 silly placeDep ROOT once@1.4.0 OK for: express@5.2.1 want: ^1.4.0
327 silly placeDep ROOT parseurl@1.3.3 OK for: express@5.2.1 want: ^1.3.3
328 silly placeDep ROOT proxy-addr@2.0.7 OK for: express@5.2.1 want: ^2.0.7
329 silly placeDep ROOT qs@6.15.3 OK for: express@5.2.1 want: ^6.14.0
330 silly placeDep ROOT range-parser@1.3.0 OK for: express@5.2.1 want: ^1.2.1
331 silly placeDep ROOT router@2.2.0 OK for: express@5.2.1 want: ^2.2.0
332 silly placeDep ROOT send@1.2.1 OK for: express@5.2.1 want: ^1.1.0
333 silly placeDep ROOT serve-static@2.2.1 OK for: express@5.2.1 want: ^2.2.0
334 silly placeDep ROOT statuses@2.0.2 OK for: express@5.2.1 want: ^2.0.1
335 silly placeDep ROOT type-is@2.1.0 OK for: express@5.2.1 want: ^2.0.1
336 silly fetch manifest negotiator@^1.0.0
337 silly packumentCache full:https://registry.npmjs.org/negotiator cache-miss
338 silly fetch manifest qs@^6.15.2
339 silly packumentCache full:https://registry.npmjs.org/qs cache-hit
340 silly fetch manifest bytes@^3.1.2
341 silly packumentCache full:https://registry.npmjs.org/bytes cache-miss
342 silly fetch manifest debug@^4.4.3
343 silly packumentCache full:https://registry.npmjs.org/debug cache-hit
344 silly fetch manifest type-is@^2.1.0
345 silly packumentCache full:https://registry.npmjs.org/type-is cache-hit
346 silly fetch manifest raw-body@^3.0.2
347 silly packumentCache full:https://registry.npmjs.org/raw-body cache-miss
348 silly fetch manifest iconv-lite@^0.7.2
349 silly packumentCache full:https://registry.npmjs.org/iconv-lite cache-miss
350 silly fetch manifest http-errors@^2.0.1
351 silly packumentCache full:https://registry.npmjs.org/http-errors cache-hit
352 silly fetch manifest content-type@^2.0.0
353 silly packumentCache full:https://registry.npmjs.org/content-type cache-hit
354 silly fetch manifest ms@^2.1.3
355 silly packumentCache full:https://registry.npmjs.org/ms cache-miss
356 silly fetch manifest inherits@~2.0.4
357 silly packumentCache full:https://registry.npmjs.org/inherits cache-miss
358 silly fetch manifest setprototypeof@~1.2.0
359 silly packumentCache full:https://registry.npmjs.org/setprototypeof cache-miss
360 silly fetch manifest statuses@~2.0.2
361 silly packumentCache full:https://registry.npmjs.org/statuses cache-hit
362 silly fetch manifest toidentifier@~1.0.1
363 silly packumentCache full:https://registry.npmjs.org/toidentifier cache-miss
364 silly fetch manifest mime-db@^1.54.0
365 silly packumentCache full:https://registry.npmjs.org/mime-db cache-miss
366 silly fetch manifest ee-first@1.1.1
367 silly packumentCache full:https://registry.npmjs.org/ee-first cache-miss
368 silly fetch manifest wrappy@1
369 silly packumentCache full:https://registry.npmjs.org/wrappy cache-miss
370 http cache https://registry.npmjs.org/bytes 41ms (cache hit)
371 silly packumentCache full:https://registry.npmjs.org/bytes set size:37018 disposed:false
372 silly fetch manifest forwarded@0.2.0
373 silly packumentCache full:https://registry.npmjs.org/forwarded cache-miss
374 http cache https://registry.npmjs.org/iconv-lite 43ms (cache hit)
375 silly packumentCache full:https://registry.npmjs.org/iconv-lite set size:126462 disposed:false
376 silly fetch manifest ipaddr.js@1.9.1
377 silly packumentCache full:https://registry.npmjs.org/ipaddr.js cache-miss
378 http cache https://registry.npmjs.org/negotiator 46ms (cache hit)
379 silly packumentCache full:https://registry.npmjs.org/negotiator set size:56148 disposed:false
380 silly fetch manifest side-channel@^1.1.1
381 silly packumentCache full:https://registry.npmjs.org/side-channel cache-miss
382 http cache https://registry.npmjs.org/toidentifier 43ms (cache hit)
383 silly packumentCache full:https://registry.npmjs.org/toidentifier set size:12006 disposed:false
384 silly fetch manifest es-define-property@^1.0.1
385 silly packumentCache full:https://registry.npmjs.org/es-define-property cache-miss
386 http cache https://registry.npmjs.org/ms 46ms (cache hit)
387 silly packumentCache full:https://registry.npmjs.org/ms set size:92208 disposed:false
388 silly fetch manifest is-promise@^4.0.0
389 silly packumentCache full:https://registry.npmjs.org/is-promise cache-miss
390 http cache https://registry.npmjs.org/raw-body 50ms (cache hit)
391 silly packumentCache full:https://registry.npmjs.org/raw-body set size:120042 disposed:false
392 silly fetch manifest path-to-regexp@^8.0.0
393 silly packumentCache full:https://registry.npmjs.org/path-to-regexp cache-miss
394 http cache https://registry.npmjs.org/setprototypeof 49ms (cache hit)
395 silly packumentCache full:https://registry.npmjs.org/setprototypeof set size:14532 disposed:false
396 silly fetch manifest statuses@^2.0.2
397 silly packumentCache full:https://registry.npmjs.org/statuses cache-hit
398 silly fetch manifest media-typer@^1.1.0
399 silly packumentCache full:https://registry.npmjs.org/media-typer cache-miss
400 http cache https://registry.npmjs.org/ee-first 49ms (cache hit)
401 silly packumentCache full:https://registry.npmjs.org/ee-first set size:15327 disposed:false
402 http cache https://registry.npmjs.org/mime-db 51ms (cache hit)
403 silly packumentCache full:https://registry.npmjs.org/mime-db set size:164953 disposed:false
404 http cache https://registry.npmjs.org/inherits 56ms (cache hit)
405 silly packumentCache full:https://registry.npmjs.org/inherits set size:12925 disposed:false
406 http cache https://registry.npmjs.org/forwarded 24ms (cache hit)
407 silly packumentCache full:https://registry.npmjs.org/forwarded set size:11229 disposed:false
408 http cache https://registry.npmjs.org/ipaddr.js 21ms (cache hit)
409 silly packumentCache full:https://registry.npmjs.org/ipaddr.js set size:84329 disposed:false
410 http cache https://registry.npmjs.org/es-define-property 21ms (cache hit)
411 silly packumentCache full:https://registry.npmjs.org/es-define-property set size:8542 disposed:false
412 http cache https://registry.npmjs.org/side-channel 23ms (cache hit)
413 silly packumentCache full:https://registry.npmjs.org/side-channel set size:27650 disposed:false
414 http cache https://registry.npmjs.org/media-typer 16ms (cache hit)
415 silly packumentCache full:https://registry.npmjs.org/media-typer set size:22074 disposed:false
416 http cache https://registry.npmjs.org/path-to-regexp 18ms (cache hit)
417 silly packumentCache full:https://registry.npmjs.org/path-to-regexp set size:216334 disposed:false
418 http fetch GET 200 https://registry.npmjs.org/wrappy 124ms (cache miss)
419 silly packumentCache full:https://registry.npmjs.org/wrappy set size:undefined disposed:false
420 http fetch GET 200 https://registry.npmjs.org/is-promise 119ms (cache miss)
421 silly packumentCache full:https://registry.npmjs.org/is-promise set size:undefined disposed:false
422 silly placeDep ROOT negotiator@1.1.0 OK for: accepts@2.0.0 want: ^1.0.0
423 silly fetch manifest content-type@^2.1.0
424 silly packumentCache full:https://registry.npmjs.org/content-type cache-hit
425 silly placeDep ROOT bytes@3.1.2 OK for: body-parser@2.3.0 want: ^3.1.2
426 silly placeDep node_modules/body-parser content-type@2.1.0 OK for: body-parser@2.3.0 want: ^2.0.0
427 silly placeDep ROOT iconv-lite@0.7.3 OK for: body-parser@2.3.0 want: ^0.7.2
428 silly placeDep ROOT raw-body@3.0.2 OK for: body-parser@2.3.0 want: ^3.0.2
429 silly fetch manifest safer-buffer@>= 2.1.2 < 3.0.0
430 silly packumentCache full:https://registry.npmjs.org/safer-buffer cache-miss
431 silly fetch manifest unpipe@~1.0.0
432 silly packumentCache full:https://registry.npmjs.org/unpipe cache-miss
433 http cache https://registry.npmjs.org/safer-buffer 10ms (cache hit)
434 silly packumentCache full:https://registry.npmjs.org/safer-buffer set size:18521 disposed:false
435 http cache https://registry.npmjs.org/unpipe 11ms (cache hit)
436 silly packumentCache full:https://registry.npmjs.org/unpipe set size:3609 disposed:false
437 silly placeDep ROOT ms@2.1.3 OK for: debug@4.4.3 want: ^2.1.3
438 silly placeDep ROOT base64-js@1.5.1 OK for: google-auth-library@10.9.1 want: ^1.3.0
439 silly placeDep ROOT ecdsa-sig-formatter@1.0.11 OK for: google-auth-library@10.9.1 want: ^1.0.11
440 silly placeDep ROOT gaxios@7.3.1 OK for: google-auth-library@10.9.1 want: ^7.1.4
441 silly placeDep ROOT gcp-metadata@8.1.2 OK for: google-auth-library@10.9.1 want: 8.1.2
442 silly placeDep ROOT google-logging-utils@1.1.3 OK for: google-auth-library@10.9.1 want: 1.1.3
443 silly placeDep ROOT jws@4.0.1 OK for: google-auth-library@10.9.1 want: ^4.0.0
444 silly fetch manifest safe-buffer@^5.0.1
445 silly packumentCache full:https://registry.npmjs.org/safe-buffer cache-miss
446 silly fetch manifest extend@^3.0.2
447 silly packumentCache full:https://registry.npmjs.org/extend cache-miss
448 silly fetch manifest node-fetch@^3.3.2
449 silly packumentCache full:https://registry.npmjs.org/node-fetch cache-miss
450 silly fetch manifest https-proxy-agent@^7.0.1
451 silly packumentCache full:https://registry.npmjs.org/https-proxy-agent cache-miss
452 silly fetch manifest json-bigint@^1.0.0
453 silly packumentCache full:https://registry.npmjs.org/json-bigint cache-miss
454 silly fetch manifest google-logging-utils@^1.0.0
455 silly packumentCache full:https://registry.npmjs.org/google-logging-utils cache-miss
456 silly fetch manifest jwa@^2.0.1
457 silly packumentCache full:https://registry.npmjs.org/jwa cache-miss
458 silly fetch manifest safe-buffer@^5.0.1
459 silly packumentCache full:https://registry.npmjs.org/safe-buffer cache-miss
460 http cache https://registry.npmjs.org/google-logging-utils 14ms (cache hit)
461 silly packumentCache full:https://registry.npmjs.org/google-logging-utils set size:31146 disposed:false
462 http cache https://registry.npmjs.org/safe-buffer 16ms (cache hit)
463 silly packumentCache full:https://registry.npmjs.org/safe-buffer set size:41183 disposed:false
464 http cache https://registry.npmjs.org/safe-buffer 18ms (cache hit)
465 silly packumentCache full:https://registry.npmjs.org/safe-buffer set size:41183 disposed:false
466 silly packumentCache full:https://registry.npmjs.org/safe-buffer dispose
467 http fetch GET 200 https://registry.npmjs.org/https-proxy-agent 113ms (cache miss)
468 silly packumentCache full:https://registry.npmjs.org/https-proxy-agent set size:undefined disposed:false
469 http fetch GET 200 https://registry.npmjs.org/extend 119ms (cache miss)
470 silly packumentCache full:https://registry.npmjs.org/extend set size:undefined disposed:false
471 http fetch GET 200 https://registry.npmjs.org/node-fetch 209ms (cache miss)
472 silly packumentCache full:https://registry.npmjs.org/node-fetch set size:undefined disposed:false
473 http fetch GET 200 https://registry.npmjs.org/jwa 365ms (cache miss)
474 silly packumentCache full:https://registry.npmjs.org/jwa set size:undefined disposed:false
475 http fetch GET 200 https://registry.npmjs.org/json-bigint 407ms (cache miss)
476 silly packumentCache full:https://registry.npmjs.org/json-bigint set size:undefined disposed:false
477 silly placeDep ROOT safe-buffer@5.2.1 OK for: ecdsa-sig-formatter@1.0.11 want: ^5.0.1
478 silly placeDep ROOT extend@3.0.2 OK for: gaxios@7.3.1 want: ^3.0.2
479 silly placeDep ROOT https-proxy-agent@7.0.6 OK for: gaxios@7.3.1 want: ^7.0.1
480 silly placeDep ROOT node-fetch@3.3.2 OK for: gaxios@7.3.1 want: ^3.3.2
481 silly fetch manifest agent-base@^7.1.2
482 silly packumentCache full:https://registry.npmjs.org/agent-base cache-miss
483 silly fetch manifest data-uri-to-buffer@^4.0.0
484 silly packumentCache full:https://registry.npmjs.org/data-uri-to-buffer cache-miss
485 silly fetch manifest fetch-blob@^3.1.4
486 silly packumentCache full:https://registry.npmjs.org/fetch-blob cache-miss
487 silly fetch manifest formdata-polyfill@^4.0.10
488 silly packumentCache full:https://registry.npmjs.org/formdata-polyfill cache-miss
489 http fetch GET 200 https://registry.npmjs.org/agent-base 129ms (cache miss)
490 silly packumentCache full:https://registry.npmjs.org/agent-base set size:undefined disposed:false
491 http fetch GET 200 https://registry.npmjs.org/fetch-blob 133ms (cache miss)
492 silly packumentCache full:https://registry.npmjs.org/fetch-blob set size:undefined disposed:false
493 http fetch GET 200 https://registry.npmjs.org/formdata-polyfill 135ms (cache miss)
494 silly packumentCache full:https://registry.npmjs.org/formdata-polyfill set size:undefined disposed:false
495 http fetch GET 200 https://registry.npmjs.org/data-uri-to-buffer 390ms (cache miss)
496 silly packumentCache full:https://registry.npmjs.org/data-uri-to-buffer set size:undefined disposed:false
497 silly placeDep ROOT json-bigint@1.0.0 OK for: gcp-metadata@8.1.2 want: ^1.0.0
498 silly fetch manifest bignumber.js@^9.0.0
499 silly packumentCache full:https://registry.npmjs.org/bignumber.js cache-miss
500 http fetch GET 200 https://registry.npmjs.org/bignumber.js 379ms (cache miss)
501 silly packumentCache full:https://registry.npmjs.org/bignumber.js set size:undefined disposed:false
502 silly placeDep ROOT inherits@2.0.4 OK for: http-errors@2.0.1 want: ~2.0.4
503 silly placeDep ROOT setprototypeof@1.2.0 OK for: http-errors@2.0.1 want: ~1.2.0
504 silly placeDep ROOT toidentifier@1.0.1 OK for: http-errors@2.0.1 want: ~1.0.1
505 silly placeDep ROOT agent-base@7.1.4 OK for: https-proxy-agent@7.0.6 want: ^7.1.2
506 silly placeDep ROOT safer-buffer@2.1.2 OK for: iconv-lite@0.7.3 want: >= 2.1.2 < 3.0.0
507 silly placeDep ROOT bignumber.js@9.3.1 OK for: json-bigint@1.0.0 want: ^9.0.0
508 silly placeDep ROOT jwa@2.0.1 OK for: jws@4.0.1 want: ^2.0.1
509 silly fetch manifest buffer-equal-constant-time@^1.0.1
510 silly packumentCache full:https://registry.npmjs.org/buffer-equal-constant-time cache-miss
511 http fetch GET 200 https://registry.npmjs.org/buffer-equal-constant-time 366ms (cache miss)
512 silly packumentCache full:https://registry.npmjs.org/buffer-equal-constant-time set size:undefined disposed:false
513 silly placeDep ROOT buffer-equal-constant-time@1.0.1 OK for: jwa@2.0.1 want: ^1.0.1
514 silly placeDep ROOT mime-db@1.54.0 OK for: mime-types@3.0.2 want: ^1.54.0
515 silly placeDep node_modules/negotiator content-type@2.1.0 OK for: negotiator@1.1.0 want: ^2.1.0
516 silly placeDep ROOT data-uri-to-buffer@4.0.1 OK for: node-fetch@3.3.2 want: ^4.0.0
517 silly placeDep ROOT fetch-blob@3.2.0 OK for: node-fetch@3.3.2 want: ^3.1.4
518 silly placeDep ROOT formdata-polyfill@4.0.10 OK for: node-fetch@3.3.2 want: ^4.0.10
519 silly fetch manifest node-domexception@^1.0.0
520 silly packumentCache full:https://registry.npmjs.org/node-domexception cache-miss
521 silly fetch manifest web-streams-polyfill@^3.0.3
522 silly packumentCache full:https://registry.npmjs.org/web-streams-polyfill cache-miss
523 http fetch GET 200 https://registry.npmjs.org/node-domexception 340ms (cache miss)
524 silly packumentCache full:https://registry.npmjs.org/node-domexception set size:undefined disposed:false
525 http fetch GET 200 https://registry.npmjs.org/web-streams-polyfill 378ms (cache miss)
526 silly packumentCache full:https://registry.npmjs.org/web-streams-polyfill set size:undefined disposed:false
527 silly placeDep ROOT node-domexception@1.0.0 OK for: fetch-blob@3.2.0 want: ^1.0.0
528 silly placeDep ROOT web-streams-polyfill@3.3.3 OK for: fetch-blob@3.2.0 want: ^3.0.3
529 silly placeDep ROOT chokidar@3.6.0 OK for: nodemon@3.1.14 want: ^3.5.2
530 silly placeDep ROOT ignore-by-default@1.0.1 OK for: nodemon@3.1.14 want: ^1.0.1
531 silly placeDep ROOT minimatch@10.2.6 OK for: nodemon@3.1.14 want: ^10.2.1
532 silly placeDep ROOT pstree.remy@1.1.8 OK for: nodemon@3.1.14 want: ^1.1.8
533 silly placeDep ROOT semver@7.8.5 OK for: nodemon@3.1.14 want: ^7.5.3
534 silly placeDep ROOT simple-update-notifier@2.0.0 OK for: nodemon@3.1.14 want: ^2.0.0
535 silly placeDep ROOT supports-color@5.5.0 OK for: nodemon@3.1.14 want: ^5.5.0
536 silly placeDep ROOT touch@3.1.1 OK for: nodemon@3.1.14 want: ^3.1.0
537 silly placeDep ROOT undefsafe@2.0.5 OK for: nodemon@3.1.14 want: ^2.0.5
538 silly fetch manifest braces@~3.0.2
539 silly packumentCache full:https://registry.npmjs.org/braces cache-miss
540 silly fetch manifest is-glob@~4.0.1
541 silly packumentCache full:https://registry.npmjs.org/is-glob cache-miss
542 silly fetch manifest anymatch@~3.1.2
543 silly packumentCache full:https://registry.npmjs.org/anymatch cache-miss
544 silly fetch manifest readdirp@~3.6.0
545 silly packumentCache full:https://registry.npmjs.org/readdirp cache-miss
546 silly fetch manifest glob-parent@~5.1.2
547 silly packumentCache full:https://registry.npmjs.org/glob-parent cache-miss
548 silly fetch manifest is-binary-path@~2.1.0
549 silly packumentCache full:https://registry.npmjs.org/is-binary-path cache-miss
550 silly fetch manifest normalize-path@~3.0.0
551 silly packumentCache full:https://registry.npmjs.org/normalize-path cache-miss
552 silly fetch manifest fsevents@~2.3.2
553 silly packumentCache full:https://registry.npmjs.org/fsevents cache-miss
554 silly fetch manifest brace-expansion@^5.0.8
555 silly packumentCache full:https://registry.npmjs.org/brace-expansion cache-miss
556 silly fetch manifest has-flag@^3.0.0
557 silly packumentCache full:https://registry.npmjs.org/has-flag cache-miss
558 http fetch GET 200 https://registry.npmjs.org/normalize-path 113ms (cache miss)
559 silly packumentCache full:https://registry.npmjs.org/normalize-path set size:undefined disposed:false
560 http fetch GET 200 https://registry.npmjs.org/anymatch 115ms (cache miss)
561 silly packumentCache full:https://registry.npmjs.org/anymatch set size:undefined disposed:false
562 http fetch GET 200 https://registry.npmjs.org/is-binary-path 116ms (cache miss)
563 silly packumentCache full:https://registry.npmjs.org/is-binary-path set size:undefined disposed:false
564 http fetch GET 200 https://registry.npmjs.org/is-glob 119ms (cache miss)
565 silly packumentCache full:https://registry.npmjs.org/is-glob set size:undefined disposed:false
566 http fetch GET 200 https://registry.npmjs.org/braces 120ms (cache miss)
567 silly packumentCache full:https://registry.npmjs.org/braces set size:undefined disposed:false
568 http fetch GET 200 https://registry.npmjs.org/glob-parent 122ms (cache miss)
569 silly packumentCache full:https://registry.npmjs.org/glob-parent set size:undefined disposed:false
570 http fetch GET 200 https://registry.npmjs.org/readdirp 127ms (cache miss)
571 silly packumentCache full:https://registry.npmjs.org/readdirp set size:undefined disposed:false
572 http fetch GET 200 https://registry.npmjs.org/has-flag 132ms (cache miss)
573 silly packumentCache full:https://registry.npmjs.org/has-flag set size:undefined disposed:false
574 http fetch GET 200 https://registry.npmjs.org/brace-expansion 134ms (cache miss)
575 silly packumentCache full:https://registry.npmjs.org/brace-expansion set size:undefined disposed:false
576 http fetch GET 200 https://registry.npmjs.org/fsevents 138ms (cache miss)
577 silly packumentCache full:https://registry.npmjs.org/fsevents set size:undefined disposed:false
578 silly placeDep ROOT anymatch@3.1.3 OK for: chokidar@3.6.0 want: ~3.1.2
579 silly placeDep ROOT braces@3.0.3 OK for: chokidar@3.6.0 want: ~3.0.2
580 silly placeDep ROOT fsevents@2.3.3 OK for: chokidar@3.6.0 want: ~2.3.2
581 silly placeDep ROOT glob-parent@5.1.2 OK for: chokidar@3.6.0 want: ~5.1.2
582 silly placeDep ROOT is-binary-path@2.1.0 OK for: chokidar@3.6.0 want: ~2.1.0
583 silly placeDep ROOT is-glob@4.0.3 OK for: chokidar@3.6.0 want: ~4.0.1
584 silly placeDep ROOT normalize-path@3.0.0 OK for: chokidar@3.6.0 want: ~3.0.0
585 silly placeDep ROOT readdirp@3.6.0 OK for: chokidar@3.6.0 want: ~3.6.0
586 silly fetch manifest picomatch@^2.0.4
587 silly packumentCache full:https://registry.npmjs.org/picomatch cache-miss
588 silly fetch manifest normalize-path@^3.0.0
589 silly packumentCache full:https://registry.npmjs.org/normalize-path cache-miss
590 silly fetch manifest fill-range@^7.1.1
591 silly packumentCache full:https://registry.npmjs.org/fill-range cache-miss
592 silly fetch manifest is-glob@^4.0.1
593 silly packumentCache full:https://registry.npmjs.org/is-glob cache-miss
594 silly fetch manifest binary-extensions@^2.0.0
595 silly packumentCache full:https://registry.npmjs.org/binary-extensions cache-miss
596 silly fetch manifest is-extglob@^2.1.1
597 silly packumentCache full:https://registry.npmjs.org/is-extglob cache-miss
598 silly fetch manifest picomatch@^2.2.1
599 silly packumentCache full:https://registry.npmjs.org/picomatch cache-miss
600 http cache https://registry.npmjs.org/normalize-path 12ms (cache hit)
601 silly packumentCache full:https://registry.npmjs.org/normalize-path set size:28713 disposed:false
602 http cache https://registry.npmjs.org/is-glob 11ms (cache hit)
603 silly packumentCache full:https://registry.npmjs.org/is-glob set size:40530 disposed:false
604 http fetch GET 200 https://registry.npmjs.org/is-extglob 110ms (cache miss)
605 silly packumentCache full:https://registry.npmjs.org/is-extglob set size:undefined disposed:false
606 http fetch GET 200 https://registry.npmjs.org/picomatch 114ms (cache miss)
607 silly packumentCache full:https://registry.npmjs.org/picomatch set size:undefined disposed:false
608 http fetch GET 200 https://registry.npmjs.org/fill-range 116ms (cache miss)
609 silly packumentCache full:https://registry.npmjs.org/fill-range set size:undefined disposed:false
610 http fetch GET 200 https://registry.npmjs.org/picomatch 119ms (cache miss)
611 silly packumentCache full:https://registry.npmjs.org/picomatch set size:undefined disposed:false
612 http fetch GET 200 https://registry.npmjs.org/binary-extensions 358ms (cache miss)
613 silly packumentCache full:https://registry.npmjs.org/binary-extensions set size:undefined disposed:false
614 silly placeDep ROOT picomatch@2.3.2 OK for: anymatch@3.1.3 want: ^2.0.4
615 silly placeDep ROOT fill-range@7.1.1 OK for: braces@3.0.3 want: ^7.1.1
616 silly fetch manifest to-regex-range@^5.0.1
617 silly packumentCache full:https://registry.npmjs.org/to-regex-range cache-miss
618 http fetch GET 200 https://registry.npmjs.org/to-regex-range 124ms (cache miss)
619 silly packumentCache full:https://registry.npmjs.org/to-regex-range set size:undefined disposed:false
620 silly placeDep ROOT to-regex-range@5.0.1 OK for: fill-range@7.1.1 want: ^5.0.1
621 silly fetch manifest is-number@^7.0.0
622 silly packumentCache full:https://registry.npmjs.org/is-number cache-miss
623 http fetch GET 200 https://registry.npmjs.org/is-number 113ms (cache miss)
624 silly packumentCache full:https://registry.npmjs.org/is-number set size:undefined disposed:false
625 silly placeDep ROOT binary-extensions@2.3.0 OK for: is-binary-path@2.1.0 want: ^2.0.0
626 silly placeDep ROOT is-extglob@2.1.1 OK for: is-glob@4.0.3 want: ^2.1.1
627 silly placeDep ROOT brace-expansion@5.0.9 OK for: minimatch@10.2.6 want: ^5.0.8
628 silly fetch manifest balanced-match@^4.0.2
629 silly packumentCache full:https://registry.npmjs.org/balanced-match cache-miss
630 http fetch GET 200 https://registry.npmjs.org/balanced-match 109ms (cache miss)
631 silly packumentCache full:https://registry.npmjs.org/balanced-match set size:undefined disposed:false
632 silly placeDep ROOT balanced-match@4.0.4 OK for: brace-expansion@5.0.9 want: ^4.0.2
633 silly placeDep ROOT ee-first@1.1.1 OK for: on-finished@2.4.1 want: 1.1.1
634 silly placeDep ROOT wrappy@1.0.2 OK for: once@1.4.0 want: 1
635 silly placeDep ROOT @types/retry@0.12.0 OK for: p-retry@4.6.2 want: 0.12.0
636 silly placeDep ROOT retry@0.13.1 OK for: p-retry@4.6.2 want: ^0.13.1
637 silly placeDep ROOT @protobufjs/aspromise@1.1.2 OK for: protobufjs@7.6.5 want: ^1.1.2
638 silly placeDep ROOT @protobufjs/base64@1.1.2 OK for: protobufjs@7.6.5 want: ^1.1.2
639 silly placeDep ROOT @protobufjs/codegen@2.0.5 OK for: protobufjs@7.6.5 want: ^2.0.5
640 silly placeDep ROOT @protobufjs/eventemitter@1.1.1 OK for: protobufjs@7.6.5 want: ^1.1.1
641 silly placeDep ROOT @protobufjs/fetch@1.1.1 OK for: protobufjs@7.6.5 want: ^1.1.1
642 silly placeDep ROOT @protobufjs/float@1.0.2 OK for: protobufjs@7.6.5 want: ^1.0.2
643 silly placeDep ROOT @protobufjs/path@1.1.2 OK for: protobufjs@7.6.5 want: ^1.1.2
644 silly placeDep ROOT @protobufjs/pool@1.1.0 OK for: protobufjs@7.6.5 want: ^1.1.0
645 silly placeDep ROOT @protobufjs/utf8@1.1.2 OK for: protobufjs@7.6.5 want: ^1.1.1
646 silly placeDep ROOT @types/node@26.2.0 OK for: protobufjs@7.6.5 want: >=13.7.0
647 silly placeDep ROOT long@5.3.2 OK for: protobufjs@7.6.5 want: ^5.3.2
648 silly fetch manifest undici-types@~8.3.0
649 silly packumentCache full:https://registry.npmjs.org/undici-types cache-miss
650 http fetch GET 200 https://registry.npmjs.org/undici-types 116ms (cache miss)
651 silly packumentCache full:https://registry.npmjs.org/undici-types set size:undefined disposed:false
652 silly placeDep ROOT undici-types@8.3.0 OK for: @types/node@26.2.0 want: ~8.3.0
653 silly placeDep ROOT forwarded@0.2.0 OK for: proxy-addr@2.0.7 want: 0.2.0
654 silly placeDep ROOT ipaddr.js@1.9.1 OK for: proxy-addr@2.0.7 want: 1.9.1
655 silly placeDep ROOT es-define-property@1.0.1 OK for: qs@6.15.3 want: ^1.0.1
656 silly placeDep ROOT side-channel@1.1.1 OK for: qs@6.15.3 want: ^1.1.1
657 silly fetch manifest es-errors@^1.3.0
658 silly packumentCache full:https://registry.npmjs.org/es-errors cache-miss
659 silly fetch manifest object-inspect@^1.13.4
660 silly packumentCache full:https://registry.npmjs.org/object-inspect cache-miss
661 silly fetch manifest side-channel-list@^1.0.1
662 silly packumentCache full:https://registry.npmjs.org/side-channel-list cache-miss
663 silly fetch manifest side-channel-map@^1.0.1
664 silly packumentCache full:https://registry.npmjs.org/side-channel-map cache-miss
665 silly fetch manifest side-channel-weakmap@^1.0.2
666 silly packumentCache full:https://registry.npmjs.org/side-channel-weakmap cache-miss
667 http cache https://registry.npmjs.org/side-channel-list 10ms (cache hit)
668 silly packumentCache full:https://registry.npmjs.org/side-channel-list set size:9021 disposed:false
669 http cache https://registry.npmjs.org/object-inspect 13ms (cache hit)
670 silly packumentCache full:https://registry.npmjs.org/object-inspect set size:101927 disposed:false
671 http cache https://registry.npmjs.org/side-channel-map 15ms (cache hit)
672 silly packumentCache full:https://registry.npmjs.org/side-channel-map set size:9126 disposed:false
673 http cache https://registry.npmjs.org/es-errors 17ms (cache hit)
674 silly packumentCache full:https://registry.npmjs.org/es-errors set size:16918 disposed:false
675 http cache https://registry.npmjs.org/side-channel-weakmap 17ms (cache hit)
676 silly packumentCache full:https://registry.npmjs.org/side-channel-weakmap set size:12620 disposed:false
677 silly placeDep ROOT unpipe@1.0.0 OK for: raw-body@3.0.2 want: ~1.0.0
678 silly placeDep ROOT is-promise@4.0.0 OK for: router@2.2.0 want: ^4.0.0
679 silly placeDep ROOT path-to-regexp@8.4.2 OK for: router@2.2.0 want: ^8.0.0
680 silly placeDep ROOT es-errors@1.3.0 OK for: side-channel@1.1.1 want: ^1.3.0
681 silly placeDep ROOT object-inspect@1.13.4 OK for: side-channel@1.1.1 want: ^1.13.4
682 silly placeDep ROOT side-channel-list@1.0.1 OK for: side-channel@1.1.1 want: ^1.0.1
683 silly placeDep ROOT side-channel-map@1.0.1 OK for: side-channel@1.1.1 want: ^1.0.1
684 silly placeDep ROOT side-channel-weakmap@1.0.2 OK for: side-channel@1.1.1 want: ^1.0.2
685 silly fetch manifest call-bound@^1.0.2
686 silly packumentCache full:https://registry.npmjs.org/call-bound cache-miss
687 silly fetch manifest get-intrinsic@^1.2.5
688 silly packumentCache full:https://registry.npmjs.org/get-intrinsic cache-miss
689 silly fetch manifest call-bound@^1.0.2
690 silly packumentCache full:https://registry.npmjs.org/call-bound cache-miss
691 silly fetch manifest get-intrinsic@^1.2.5
692 silly packumentCache full:https://registry.npmjs.org/get-intrinsic cache-miss
693 http cache https://registry.npmjs.org/call-bound 11ms (cache hit)
694 silly packumentCache full:https://registry.npmjs.org/call-bound set size:15317 disposed:false
695 http cache https://registry.npmjs.org/get-intrinsic 34ms (cache hit)
696 silly packumentCache full:https://registry.npmjs.org/get-intrinsic set size:60985 disposed:false
697 http cache https://registry.npmjs.org/call-bound 35ms (cache hit)
698 silly packumentCache full:https://registry.npmjs.org/call-bound set size:15317 disposed:false
699 silly packumentCache full:https://registry.npmjs.org/call-bound dispose
700 http cache https://registry.npmjs.org/get-intrinsic 36ms (cache hit)
701 silly packumentCache full:https://registry.npmjs.org/get-intrinsic set size:60985 disposed:false
702 silly packumentCache full:https://registry.npmjs.org/get-intrinsic dispose
703 silly placeDep ROOT call-bound@1.0.4 OK for: side-channel-map@1.0.1 want: ^1.0.2
704 silly placeDep ROOT get-intrinsic@1.3.0 OK for: side-channel-map@1.0.1 want: ^1.2.5
705 silly fetch manifest call-bind-apply-helpers@^1.0.2
706 silly packumentCache full:https://registry.npmjs.org/call-bind-apply-helpers cache-miss
707 silly fetch manifest get-intrinsic@^1.3.0
708 silly packumentCache full:https://registry.npmjs.org/get-intrinsic cache-hit
709 silly fetch manifest gopd@^1.2.0
710 silly packumentCache full:https://registry.npmjs.org/gopd cache-miss
711 silly fetch manifest hasown@^2.0.2
712 silly packumentCache full:https://registry.npmjs.org/hasown cache-miss
713 silly fetch manifest get-proto@^1.0.1
714 silly packumentCache full:https://registry.npmjs.org/get-proto cache-miss
715 silly fetch manifest has-symbols@^1.1.0
716 silly packumentCache full:https://registry.npmjs.org/has-symbols cache-miss
717 silly fetch manifest function-bind@^1.1.2
718 silly packumentCache full:https://registry.npmjs.org/function-bind cache-miss
719 silly fetch manifest es-object-atoms@^1.1.1
720 silly packumentCache full:https://registry.npmjs.org/es-object-atoms cache-miss
721 silly fetch manifest math-intrinsics@^1.1.0
722 silly packumentCache full:https://registry.npmjs.org/math-intrinsics cache-miss
723 silly fetch manifest call-bind-apply-helpers@^1.0.2
724 silly packumentCache full:https://registry.npmjs.org/call-bind-apply-helpers cache-miss
725 http cache https://registry.npmjs.org/call-bind-apply-helpers 18ms (cache hit)
726 silly packumentCache full:https://registry.npmjs.org/call-bind-apply-helpers set size:12744 disposed:false
727 http cache https://registry.npmjs.org/get-proto 20ms (cache hit)
728 silly packumentCache full:https://registry.npmjs.org/get-proto set size:8300 disposed:false
729 http cache https://registry.npmjs.org/function-bind 19ms (cache hit)
730 silly packumentCache full:https://registry.npmjs.org/function-bind set size:15733 disposed:false
731 http cache https://registry.npmjs.org/gopd 21ms (cache hit)
732 silly packumentCache full:https://registry.npmjs.org/gopd set size:11483 disposed:false
733 http cache https://registry.npmjs.org/math-intrinsics 21ms (cache hit)
734 silly packumentCache full:https://registry.npmjs.org/math-intrinsics set size:9265 disposed:false
735 http cache https://registry.npmjs.org/has-symbols 22ms (cache hit)
736 silly packumentCache full:https://registry.npmjs.org/has-symbols set size:21550 disposed:false
737 http cache https://registry.npmjs.org/call-bind-apply-helpers 22ms (cache hit)
738 silly packumentCache full:https://registry.npmjs.org/call-bind-apply-helpers set size:12744 disposed:false
739 silly packumentCache full:https://registry.npmjs.org/call-bind-apply-helpers dispose
740 http cache https://registry.npmjs.org/es-object-atoms 22ms (cache hit)
741 silly packumentCache full:https://registry.npmjs.org/es-object-atoms set size:18278 disposed:false
742 http cache https://registry.npmjs.org/hasown 24ms (cache hit)
743 silly packumentCache full:https://registry.npmjs.org/hasown set size:18361 disposed:false
744 silly placeDep ROOT call-bind-apply-helpers@1.0.2 OK for: call-bound@1.0.4 want: ^1.0.2
745 silly placeDep ROOT function-bind@1.1.2 OK for: call-bind-apply-helpers@1.0.2 want: ^1.1.2
746 silly placeDep ROOT es-object-atoms@1.1.2 OK for: get-intrinsic@1.3.0 want: ^1.1.1
747 silly placeDep ROOT get-proto@1.0.1 OK for: get-intrinsic@1.3.0 want: ^1.0.1
748 silly placeDep ROOT gopd@1.2.0 OK for: get-intrinsic@1.3.0 want: ^1.2.0
749 silly placeDep ROOT has-symbols@1.1.0 OK for: get-intrinsic@1.3.0 want: ^1.1.0
750 silly placeDep ROOT hasown@2.0.4 OK for: get-intrinsic@1.3.0 want: ^2.0.2
751 silly placeDep ROOT math-intrinsics@1.1.0 OK for: get-intrinsic@1.3.0 want: ^1.1.0
752 silly fetch manifest dunder-proto@^1.0.1
753 silly packumentCache full:https://registry.npmjs.org/dunder-proto cache-miss
754 http cache https://registry.npmjs.org/dunder-proto 6ms (cache hit)
755 silly packumentCache full:https://registry.npmjs.org/dunder-proto set size:8256 disposed:false
756 silly placeDep ROOT dunder-proto@1.0.1 OK for: get-proto@1.0.1 want: ^1.0.1
757 silly placeDep ROOT has-flag@3.0.0 OK for: supports-color@5.5.0 want: ^3.0.0
758 silly placeDep ROOT is-number@7.0.0 OK for: to-regex-range@5.0.1 want: ^7.0.0
759 silly placeDep node_modules/type-is content-type@2.1.0 OK for: type-is@2.1.0 want: ^2.0.0
760 silly placeDep ROOT media-typer@1.1.1 OK for: type-is@2.1.0 want: ^1.1.0
761 silly reify moves {}
762 silly audit bulk request {
762 silly audit   '@google/genai': [ '2.18.0' ],
762 silly audit   cors: [ '2.8.6' ],
762 silly audit   dotenv: [ '17.4.2' ],
762 silly audit   express: [ '5.2.1' ],
762 silly audit   nodemon: [ '3.1.14' ],
762 silly audit   'google-auth-library': [ '10.9.1' ],
762 silly audit   'p-retry': [ '4.6.2' ],
762 silly audit   protobufjs: [ '7.6.5' ],
762 silly audit   ws: [ '8.21.3' ],
762 silly audit   'object-assign': [ '4.1.1' ],
762 silly audit   vary: [ '1.1.2' ],
762 silly audit   accepts: [ '2.0.0' ],
762 silly audit   'body-parser': [ '2.3.0' ],
762 silly audit   'content-disposition': [ '1.1.0' ],
762 silly audit   'content-type': [ '1.0.5', '2.1.0' ],
762 silly audit   cookie: [ '0.7.2' ],
762 silly audit   'cookie-signature': [ '1.2.2' ],
762 silly audit   debug: [ '4.4.3' ],
762 silly audit   depd: [ '2.0.0' ],
762 silly audit   encodeurl: [ '2.0.0' ],
762 silly audit   'escape-html': [ '1.0.3' ],
762 silly audit   etag: [ '1.8.1' ],
762 silly audit   finalhandler: [ '2.1.1' ],
762 silly audit   fresh: [ '2.0.0' ],
762 silly audit   'http-errors': [ '2.0.1' ],
762 silly audit   'merge-descriptors': [ '2.0.0' ],
762 silly audit   'mime-types': [ '3.0.2' ],
762 silly audit   'on-finished': [ '2.4.1' ],
762 silly audit   once: [ '1.4.0' ],
762 silly audit   parseurl: [ '1.3.3' ],
762 silly audit   'proxy-addr': [ '2.0.7' ],
762 silly audit   qs: [ '6.15.3' ],
762 silly audit   'range-parser': [ '1.3.0' ],
762 silly audit   router: [ '2.2.0' ],
762 silly audit   send: [ '1.2.1' ],
762 silly audit   'serve-static': [ '2.2.1' ],
762 silly audit   statuses: [ '2.0.2' ],
762 silly audit   'type-is': [ '2.1.0' ],
762 silly audit   negotiator: [ '1.1.0' ],
762 silly audit   bytes: [ '3.1.2' ],
762 silly audit   'iconv-lite': [ '0.7.3' ],
762 silly audit   'raw-body': [ '3.0.2' ],
762 silly audit   ms: [ '2.1.3' ],
762 silly audit   'base64-js': [ '1.5.1' ],
762 silly audit   'ecdsa-sig-formatter': [ '1.0.11' ],
762 silly audit   gaxios: [ '7.3.1' ],
762 silly audit   'gcp-metadata': [ '8.1.2' ],
762 silly audit   'google-logging-utils': [ '1.1.3' ],
762 silly audit   jws: [ '4.0.1' ],
762 silly audit   'safe-buffer': [ '5.2.1' ],
762 silly audit   extend: [ '3.0.2' ],
762 silly audit   'https-proxy-agent': [ '7.0.6' ],
762 silly audit   'node-fetch': [ '3.3.2' ],
762 silly audit   'json-bigint': [ '1.0.0' ],
762 silly audit   inherits: [ '2.0.4' ],
762 silly audit   setprototypeof: [ '1.2.0' ],
762 silly audit   toidentifier: [ '1.0.1' ],
762 silly audit   'agent-base': [ '7.1.4' ],
762 silly audit   'safer-buffer': [ '2.1.2' ],
762 silly audit   'bignumber.js': [ '9.3.1' ],
762 silly audit   jwa: [ '2.0.1' ],
762 silly audit   'buffer-equal-constant-time': [ '1.0.1' ],
762 silly audit   'mime-db': [ '1.54.0' ],
762 silly audit   'data-uri-to-buffer': [ '4.0.1' ],
762 silly audit   'fetch-blob': [ '3.2.0' ],
762 silly audit   'formdata-polyfill': [ '4.0.10' ],
762 silly audit   'node-domexception': [ '1.0.0' ],
762 silly audit   'web-streams-polyfill': [ '3.3.3' ],
762 silly audit   chokidar: [ '3.6.0' ],
762 silly audit   'ignore-by-default': [ '1.0.1' ],
762 silly audit   minimatch: [ '10.2.6' ],
762 silly audit   'pstree.remy': [ '1.1.8' ],
762 silly audit   semver: [ '7.8.5' ],
762 silly audit   'simple-update-notifier': [ '2.0.0' ],
762 silly audit   'supports-color': [ '5.5.0' ],
762 silly audit   touch: [ '3.1.1' ],
762 silly audit   undefsafe: [ '2.0.5' ],
762 silly audit   anymatch: [ '3.1.3' ],
762 silly audit   braces: [ '3.0.3' ],
762 silly audit   fsevents: [ '2.3.3' ],
762 silly audit   'glob-parent': [ '5.1.2' ],
762 silly audit   'is-binary-path': [ '2.1.0' ],
762 silly audit   'is-glob': [ '4.0.3' ],
762 silly audit   'normalize-path': [ '3.0.0' ],
762 silly audit   readdirp: [ '3.6.0' ],
762 silly audit   picomatch: [ '2.3.2' ],
762 silly audit   'fill-range': [ '7.1.1' ],
762 silly audit   'to-regex-range': [ '5.0.1' ],
762 silly audit   'binary-extensions': [ '2.3.0' ],
762 silly audit   'is-extglob': [ '2.1.1' ],
762 silly audit   'brace-expansion': [ '5.0.9' ],
762 silly audit   'balanced-match': [ '4.0.4' ],
762 silly audit   'ee-first': [ '1.1.1' ],
762 silly audit   wrappy: [ '1.0.2' ],
762 silly audit   '@types/retry': [ '0.12.0' ],
762 silly audit   retry: [ '0.13.1' ],
762 silly audit   '@protobufjs/aspromise': [ '1.1.2' ],
762 silly audit   '@protobufjs/base64': [ '1.1.2' ],
762 silly audit   '@protobufjs/codegen': [ '2.0.5' ],
762 silly audit   '@protobufjs/eventemitter': [ '1.1.1' ],
762 silly audit   '@protobufjs/fetch': [ '1.1.1' ],
762 silly audit   '@protobufjs/float': [ '1.0.2' ],
762 silly audit   '@protobufjs/path': [ '1.1.2' ],
762 silly audit   '@protobufjs/pool': [ '1.1.0' ],
762 silly audit   '@protobufjs/utf8': [ '1.1.2' ],
762 silly audit   '@types/node': [ '26.2.0' ],
762 silly audit   long: [ '5.3.2' ],
762 silly audit   'undici-types': [ '8.3.0' ],
762 silly audit   forwarded: [ '0.2.0' ],
762 silly audit   'ipaddr.js': [ '1.9.1' ],
762 silly audit   'es-define-property': [ '1.0.1' ],
762 silly audit   'side-channel': [ '1.1.1' ],
762 silly audit   unpipe: [ '1.0.0' ],
762 silly audit   'is-promise': [ '4.0.0' ],
762 silly audit   'path-to-regexp': [ '8.4.2' ],
762 silly audit   'es-errors': [ '1.3.0' ],
762 silly audit   'object-inspect': [ '1.13.4' ],
762 silly audit   'side-channel-list': [ '1.0.1' ],
762 silly audit   'side-channel-map': [ '1.0.1' ],
762 silly audit   'side-channel-weakmap': [ '1.0.2' ],
762 silly audit   'call-bound': [ '1.0.4' ],
762 silly audit   'get-intrinsic': [ '1.3.0' ],
762 silly audit   'call-bind-apply-helpers': [ '1.0.2' ],
762 silly audit   'function-bind': [ '1.1.2' ],
762 silly audit   'es-object-atoms': [ '1.1.2' ],
762 silly audit   'get-proto': [ '1.0.1' ],
762 silly audit   gopd: [ '1.2.0' ],
762 silly audit   'has-symbols': [ '1.1.0' ],
762 silly audit   hasown: [ '2.0.4' ],
762 silly audit   'math-intrinsics': [ '1.1.0' ],
762 silly audit   'dunder-proto': [ '1.0.1' ],
762 silly audit   'has-flag': [ '3.0.0' ],
762 silly audit   'is-number': [ '7.0.0' ],
762 silly audit   'media-typer': [ '1.1.1' ]
762 silly audit }
763 verbose reify failed optional dependency E:\portfolio\my-portfolio\server\node_modules\fsevents
764 silly reify mark deleted [ 'E:\\portfolio\\my-portfolio\\server\\node_modules\\fsevents' ]
765 http cache media-typer@https://registry.npmjs.org/media-typer/-/media-typer-1.1.1.tgz 0ms (cache hit)
766 http cache is-number@https://registry.npmjs.org/is-number/-/is-number-7.0.0.tgz 0ms (cache hit)
767 http cache dunder-proto@https://registry.npmjs.org/dunder-proto/-/dunder-proto-1.0.1.tgz 0ms (cache hit)
768 http cache has-flag@https://registry.npmjs.org/has-flag/-/has-flag-3.0.0.tgz 0ms (cache hit)
769 http cache math-intrinsics@https://registry.npmjs.org/math-intrinsics/-/math-intrinsics-1.1.0.tgz 0ms (cache hit)
770 http cache hasown@https://registry.npmjs.org/hasown/-/hasown-2.0.4.tgz 0ms (cache hit)
771 http cache has-symbols@https://registry.npmjs.org/has-symbols/-/has-symbols-1.1.0.tgz 0ms (cache hit)
772 http cache gopd@https://registry.npmjs.org/gopd/-/gopd-1.2.0.tgz 0ms (cache hit)
773 http cache get-proto@https://registry.npmjs.org/get-proto/-/get-proto-1.0.1.tgz 0ms (cache hit)
774 http cache es-object-atoms@https://registry.npmjs.org/es-object-atoms/-/es-object-atoms-1.1.2.tgz 0ms (cache hit)
775 http cache call-bind-apply-helpers@https://registry.npmjs.org/call-bind-apply-helpers/-/call-bind-apply-helpers-1.0.2.tgz 0ms (cache hit)
776 http cache function-bind@https://registry.npmjs.org/function-bind/-/function-bind-1.1.2.tgz 0ms (cache hit)
777 http cache get-intrinsic@https://registry.npmjs.org/get-intrinsic/-/get-intrinsic-1.3.0.tgz 0ms (cache hit)
778 http cache side-channel-weakmap@https://registry.npmjs.org/side-channel-weakmap/-/side-channel-weakmap-1.0.2.tgz 0ms (cache hit)
779 http cache call-bound@https://registry.npmjs.org/call-bound/-/call-bound-1.0.4.tgz 0ms (cache hit)
780 http cache side-channel-map@https://registry.npmjs.org/side-channel-map/-/side-channel-map-1.0.1.tgz 0ms (cache hit)
781 http cache side-channel-list@https://registry.npmjs.org/side-channel-list/-/side-channel-list-1.0.1.tgz 0ms (cache hit)
782 http cache es-errors@https://registry.npmjs.org/es-errors/-/es-errors-1.3.0.tgz 0ms (cache hit)
783 http cache object-inspect@https://registry.npmjs.org/object-inspect/-/object-inspect-1.13.4.tgz 0ms (cache hit)
784 http cache is-promise@https://registry.npmjs.org/is-promise/-/is-promise-4.0.0.tgz 0ms (cache hit)
785 http cache path-to-regexp@https://registry.npmjs.org/path-to-regexp/-/path-to-regexp-8.4.2.tgz 0ms (cache hit)
786 http cache side-channel@https://registry.npmjs.org/side-channel/-/side-channel-1.1.1.tgz 0ms (cache hit)
787 http cache @types/node@https://registry.npmjs.org/@types/node/-/node-26.2.0.tgz 0ms (cache hit)
788 http cache es-define-property@https://registry.npmjs.org/es-define-property/-/es-define-property-1.0.1.tgz 0ms (cache hit)
789 http cache ipaddr.js@https://registry.npmjs.org/ipaddr.js/-/ipaddr.js-1.9.1.tgz 0ms (cache hit)
790 http cache forwarded@https://registry.npmjs.org/forwarded/-/forwarded-0.2.0.tgz 0ms (cache hit)
791 http cache unpipe@https://registry.npmjs.org/unpipe/-/unpipe-1.0.0.tgz 0ms (cache hit)
792 http cache @protobufjs/utf8@https://registry.npmjs.org/@protobufjs/utf8/-/utf8-1.1.2.tgz 0ms (cache hit)
793 http cache undici-types@https://registry.npmjs.org/undici-types/-/undici-types-8.3.0.tgz 0ms (cache hit)
794 http cache @protobufjs/pool@https://registry.npmjs.org/@protobufjs/pool/-/pool-1.1.0.tgz 0ms (cache hit)
795 http cache long@https://registry.npmjs.org/long/-/long-5.3.2.tgz 0ms (cache hit)
796 http cache @protobufjs/fetch@https://registry.npmjs.org/@protobufjs/fetch/-/fetch-1.1.1.tgz 0ms (cache hit)
797 http cache retry@https://registry.npmjs.org/retry/-/retry-0.13.1.tgz 0ms (cache hit)
798 http cache @protobufjs/path@https://registry.npmjs.org/@protobufjs/path/-/path-1.1.2.tgz 0ms (cache hit)
799 http cache @protobufjs/base64@https://registry.npmjs.org/@protobufjs/base64/-/base64-1.1.2.tgz 0ms (cache hit)
800 http cache @protobufjs/eventemitter@https://registry.npmjs.org/@protobufjs/eventemitter/-/eventemitter-1.1.1.tgz 0ms (cache hit)
801 http cache @protobufjs/codegen@https://registry.npmjs.org/@protobufjs/codegen/-/codegen-2.0.5.tgz 0ms (cache hit)
802 http cache @protobufjs/float@https://registry.npmjs.org/@protobufjs/float/-/float-1.0.2.tgz 0ms (cache hit)
803 http cache @types/retry@https://registry.npmjs.org/@types/retry/-/retry-0.12.0.tgz 0ms (cache hit)
804 http cache @protobufjs/aspromise@https://registry.npmjs.org/@protobufjs/aspromise/-/aspromise-1.1.2.tgz 0ms (cache hit)
805 http cache ee-first@https://registry.npmjs.org/ee-first/-/ee-first-1.1.1.tgz 0ms (cache hit)
806 http cache balanced-match@https://registry.npmjs.org/balanced-match/-/balanced-match-4.0.4.tgz 0ms (cache hit)
807 http cache brace-expansion@https://registry.npmjs.org/brace-expansion/-/brace-expansion-5.0.9.tgz 0ms (cache hit)
808 http cache wrappy@https://registry.npmjs.org/wrappy/-/wrappy-1.0.2.tgz 0ms (cache hit)
809 http cache is-extglob@https://registry.npmjs.org/is-extglob/-/is-extglob-2.1.1.tgz 0ms (cache hit)
810 http cache fill-range@https://registry.npmjs.org/fill-range/-/fill-range-7.1.1.tgz 0ms (cache hit)
811 http cache to-regex-range@https://registry.npmjs.org/to-regex-range/-/to-regex-range-5.0.1.tgz 0ms (cache hit)
812 http cache binary-extensions@https://registry.npmjs.org/binary-extensions/-/binary-extensions-2.3.0.tgz 0ms (cache hit)
813 http cache readdirp@https://registry.npmjs.org/readdirp/-/readdirp-3.6.0.tgz 0ms (cache hit)
814 http cache normalize-path@https://registry.npmjs.org/normalize-path/-/normalize-path-3.0.0.tgz 0ms (cache hit)
815 http cache is-glob@https://registry.npmjs.org/is-glob/-/is-glob-4.0.3.tgz 0ms (cache hit)
816 http cache braces@https://registry.npmjs.org/braces/-/braces-3.0.3.tgz 0ms (cache hit)
817 http cache anymatch@https://registry.npmjs.org/anymatch/-/anymatch-3.1.3.tgz 0ms (cache hit)
818 http cache is-binary-path@https://registry.npmjs.org/is-binary-path/-/is-binary-path-2.1.0.tgz 0ms (cache hit)
819 http cache touch@https://registry.npmjs.org/touch/-/touch-3.1.1.tgz 0ms (cache hit)
820 http cache undefsafe@https://registry.npmjs.org/undefsafe/-/undefsafe-2.0.5.tgz 0ms (cache hit)
821 http cache supports-color@https://registry.npmjs.org/supports-color/-/supports-color-5.5.0.tgz 0ms (cache hit)
822 http cache picomatch@https://registry.npmjs.org/picomatch/-/picomatch-2.3.2.tgz 0ms (cache hit)
823 http cache simple-update-notifier@https://registry.npmjs.org/simple-update-notifier/-/simple-update-notifier-2.0.0.tgz 0ms (cache hit)
824 http cache pstree.remy@https://registry.npmjs.org/pstree.remy/-/pstree.remy-1.1.8.tgz 0ms (cache hit)
825 http cache glob-parent@https://registry.npmjs.org/glob-parent/-/glob-parent-5.1.2.tgz 0ms (cache hit)
826 http cache minimatch@https://registry.npmjs.org/minimatch/-/minimatch-10.2.6.tgz 0ms (cache hit)
827 http cache web-streams-polyfill@https://registry.npmjs.org/web-streams-polyfill/-/web-streams-polyfill-3.3.3.tgz 0ms (cache hit)
828 http cache semver@https://registry.npmjs.org/semver/-/semver-7.8.5.tgz 0ms (cache hit)
829 http cache chokidar@https://registry.npmjs.org/chokidar/-/chokidar-3.6.0.tgz 0ms (cache hit)
830 http cache node-domexception@https://registry.npmjs.org/node-domexception/-/node-domexception-1.0.0.tgz 0ms (cache hit)
831 http cache ignore-by-default@https://registry.npmjs.org/ignore-by-default/-/ignore-by-default-1.0.1.tgz 0ms (cache hit)
832 http cache formdata-polyfill@https://registry.npmjs.org/formdata-polyfill/-/formdata-polyfill-4.0.10.tgz 0ms (cache hit)
833 http cache fetch-blob@https://registry.npmjs.org/fetch-blob/-/fetch-blob-3.2.0.tgz 0ms (cache hit)
834 http cache data-uri-to-buffer@https://registry.npmjs.org/data-uri-to-buffer/-/data-uri-to-buffer-4.0.1.tgz 0ms (cache hit)
835 http cache buffer-equal-constant-time@https://registry.npmjs.org/buffer-equal-constant-time/-/buffer-equal-constant-time-1.0.1.tgz 0ms (cache hit)
836 http cache toidentifier@https://registry.npmjs.org/toidentifier/-/toidentifier-1.0.1.tgz 0ms (cache hit)
837 http cache mime-db@https://registry.npmjs.org/mime-db/-/mime-db-1.54.0.tgz 0ms (cache hit)
838 http cache jwa@https://registry.npmjs.org/jwa/-/jwa-2.0.1.tgz 0ms (cache hit)
839 http cache safer-buffer@https://registry.npmjs.org/safer-buffer/-/safer-buffer-2.1.2.tgz 0ms (cache hit)
840 http cache bignumber.js@https://registry.npmjs.org/bignumber.js/-/bignumber.js-9.3.1.tgz 0ms (cache hit)
841 http cache inherits@https://registry.npmjs.org/inherits/-/inherits-2.0.4.tgz 0ms (cache hit)
842 http cache setprototypeof@https://registry.npmjs.org/setprototypeof/-/setprototypeof-1.2.0.tgz 0ms (cache hit)
843 http cache json-bigint@https://registry.npmjs.org/json-bigint/-/json-bigint-1.0.0.tgz 0ms (cache hit)
844 http cache node-fetch@https://registry.npmjs.org/node-fetch/-/node-fetch-3.3.2.tgz 0ms (cache hit)
845 http cache agent-base@https://registry.npmjs.org/agent-base/-/agent-base-7.1.4.tgz 0ms (cache hit)
846 http cache jws@https://registry.npmjs.org/jws/-/jws-4.0.1.tgz 0ms (cache hit)
847 http cache https-proxy-agent@https://registry.npmjs.org/https-proxy-agent/-/https-proxy-agent-7.0.6.tgz 0ms (cache hit)
848 http cache extend@https://registry.npmjs.org/extend/-/extend-3.0.2.tgz 0ms (cache hit)
849 http cache google-logging-utils@https://registry.npmjs.org/google-logging-utils/-/google-logging-utils-1.1.3.tgz 0ms (cache hit)
850 http cache safe-buffer@https://registry.npmjs.org/safe-buffer/-/safe-buffer-5.2.1.tgz 0ms (cache hit)
851 http cache gaxios@https://registry.npmjs.org/gaxios/-/gaxios-7.3.1.tgz 0ms (cache hit)
852 http cache ms@https://registry.npmjs.org/ms/-/ms-2.1.3.tgz 0ms (cache hit)
853 http cache raw-body@https://registry.npmjs.org/raw-body/-/raw-body-3.0.2.tgz 0ms (cache hit)
854 http cache gcp-metadata@https://registry.npmjs.org/gcp-metadata/-/gcp-metadata-8.1.2.tgz 0ms (cache hit)
855 http cache base64-js@https://registry.npmjs.org/base64-js/-/base64-js-1.5.1.tgz 0ms (cache hit)
856 http cache ecdsa-sig-formatter@https://registry.npmjs.org/ecdsa-sig-formatter/-/ecdsa-sig-formatter-1.0.11.tgz 0ms (cache hit)
857 http cache bytes@https://registry.npmjs.org/bytes/-/bytes-3.1.2.tgz 0ms (cache hit)
858 http cache type-is@https://registry.npmjs.org/type-is/-/type-is-2.1.0.tgz 0ms (cache hit)
859 http cache iconv-lite@https://registry.npmjs.org/iconv-lite/-/iconv-lite-0.7.3.tgz 0ms (cache hit)
860 http cache statuses@https://registry.npmjs.org/statuses/-/statuses-2.0.2.tgz 0ms (cache hit)
861 http cache serve-static@https://registry.npmjs.org/serve-static/-/serve-static-2.2.1.tgz 0ms (cache hit)
862 http cache negotiator@https://registry.npmjs.org/negotiator/-/negotiator-1.1.0.tgz 0ms (cache hit)
863 http cache range-parser@https://registry.npmjs.org/range-parser/-/range-parser-1.3.0.tgz 0ms (cache hit)
864 http cache router@https://registry.npmjs.org/router/-/router-2.2.0.tgz 0ms (cache hit)
865 http cache send@https://registry.npmjs.org/send/-/send-1.2.1.tgz 0ms (cache hit)
866 http cache qs@https://registry.npmjs.org/qs/-/qs-6.15.3.tgz 0ms (cache hit)
867 http cache proxy-addr@https://registry.npmjs.org/proxy-addr/-/proxy-addr-2.0.7.tgz 0ms (cache hit)
868 http cache once@https://registry.npmjs.org/once/-/once-1.4.0.tgz 0ms (cache hit)
869 http cache parseurl@https://registry.npmjs.org/parseurl/-/parseurl-1.3.3.tgz 0ms (cache hit)
870 http cache mime-types@https://registry.npmjs.org/mime-types/-/mime-types-3.0.2.tgz 0ms (cache hit)
871 http cache on-finished@https://registry.npmjs.org/on-finished/-/on-finished-2.4.1.tgz 0ms (cache hit)
872 http cache merge-descriptors@https://registry.npmjs.org/merge-descriptors/-/merge-descriptors-2.0.0.tgz 0ms (cache hit)
873 http cache http-errors@https://registry.npmjs.org/http-errors/-/http-errors-2.0.1.tgz 0ms (cache hit)
874 http cache fresh@https://registry.npmjs.org/fresh/-/fresh-2.0.0.tgz 0ms (cache hit)
875 http cache finalhandler@https://registry.npmjs.org/finalhandler/-/finalhandler-2.1.1.tgz 0ms (cache hit)
876 http cache encodeurl@https://registry.npmjs.org/encodeurl/-/encodeurl-2.0.0.tgz 0ms (cache hit)
877 http cache escape-html@https://registry.npmjs.org/escape-html/-/escape-html-1.0.3.tgz 0ms (cache hit)
878 http cache etag@https://registry.npmjs.org/etag/-/etag-1.8.1.tgz 0ms (cache hit)
879 http cache depd@https://registry.npmjs.org/depd/-/depd-2.0.0.tgz 1ms (cache hit)
880 http cache cookie-signature@https://registry.npmjs.org/cookie-signature/-/cookie-signature-1.2.2.tgz 0ms (cache hit)
881 http cache debug@https://registry.npmjs.org/debug/-/debug-4.4.3.tgz 0ms (cache hit)
882 http cache cookie@https://registry.npmjs.org/cookie/-/cookie-0.7.2.tgz 0ms (cache hit)
883 http cache content-disposition@https://registry.npmjs.org/content-disposition/-/content-disposition-1.1.0.tgz 0ms (cache hit)
884 http cache content-type@https://registry.npmjs.org/content-type/-/content-type-1.0.5.tgz 0ms (cache hit)
885 http cache body-parser@https://registry.npmjs.org/body-parser/-/body-parser-2.3.0.tgz 0ms (cache hit)
886 http cache accepts@https://registry.npmjs.org/accepts/-/accepts-2.0.0.tgz 0ms (cache hit)
887 http cache vary@https://registry.npmjs.org/vary/-/vary-1.1.2.tgz 0ms (cache hit)
888 http cache object-assign@https://registry.npmjs.org/object-assign/-/object-assign-4.1.1.tgz 0ms (cache hit)
889 http cache ws@https://registry.npmjs.org/ws/-/ws-8.21.3.tgz 0ms (cache hit)
890 http cache protobufjs@https://registry.npmjs.org/protobufjs/-/protobufjs-7.6.5.tgz 0ms (cache hit)
891 http cache p-retry@https://registry.npmjs.org/p-retry/-/p-retry-4.6.2.tgz 0ms (cache hit)
892 http cache google-auth-library@https://registry.npmjs.org/google-auth-library/-/google-auth-library-10.9.1.tgz 0ms (cache hit)
893 http cache nodemon@https://registry.npmjs.org/nodemon/-/nodemon-3.1.14.tgz 0ms (cache hit)
894 http cache dotenv@https://registry.npmjs.org/dotenv/-/dotenv-17.4.2.tgz 0ms (cache hit)
895 http cache express@https://registry.npmjs.org/express/-/express-5.2.1.tgz 0ms (cache hit)
896 http cache cors@https://registry.npmjs.org/cors/-/cors-2.8.6.tgz 0ms (cache hit)
897 http cache content-type@https://registry.npmjs.org/content-type/-/content-type-2.1.0.tgz 0ms (cache hit)
898 silly tarball no local data for media-typer@https://registry.npmjs.org/media-typer/-/media-typer-1.1.1.tgz. Extracting by manifest.
899 http cache @google/genai@https://registry.npmjs.org/@google/genai/-/genai-2.18.0.tgz 0ms (cache hit)
900 silly tarball no local data for is-number@https://registry.npmjs.org/is-number/-/is-number-7.0.0.tgz. Extracting by manifest.
901 silly tarball no local data for dunder-proto@https://registry.npmjs.org/dunder-proto/-/dunder-proto-1.0.1.tgz. Extracting by manifest.
902 silly tarball no local data for has-flag@https://registry.npmjs.org/has-flag/-/has-flag-3.0.0.tgz. Extracting by manifest.
903 silly tarball no local data for math-intrinsics@https://registry.npmjs.org/math-intrinsics/-/math-intrinsics-1.1.0.tgz. Extracting by manifest.
904 silly tarball no local data for hasown@https://registry.npmjs.org/hasown/-/hasown-2.0.4.tgz. Extracting by manifest.
905 silly tarball no local data for has-symbols@https://registry.npmjs.org/has-symbols/-/has-symbols-1.1.0.tgz. Extracting by manifest.
906 http cache content-type@https://registry.npmjs.org/content-type/-/content-type-2.1.0.tgz 0ms (cache hit)
907 silly tarball no local data for gopd@https://registry.npmjs.org/gopd/-/gopd-1.2.0.tgz. Extracting by manifest.
908 silly tarball no local data for get-proto@https://registry.npmjs.org/get-proto/-/get-proto-1.0.1.tgz. Extracting by manifest.
909 silly tarball no local data for es-object-atoms@https://registry.npmjs.org/es-object-atoms/-/es-object-atoms-1.1.2.tgz. Extracting by manifest.
910 silly tarball no local data for call-bind-apply-helpers@https://registry.npmjs.org/call-bind-apply-helpers/-/call-bind-apply-helpers-1.0.2.tgz. Extracting by manifest.
911 silly tarball no local data for function-bind@https://registry.npmjs.org/function-bind/-/function-bind-1.1.2.tgz. Extracting by manifest.
912 silly tarball no local data for get-intrinsic@https://registry.npmjs.org/get-intrinsic/-/get-intrinsic-1.3.0.tgz. Extracting by manifest.
913 silly tarball no local data for side-channel-weakmap@https://registry.npmjs.org/side-channel-weakmap/-/side-channel-weakmap-1.0.2.tgz. Extracting by manifest.
914 silly tarball no local data for call-bound@https://registry.npmjs.org/call-bound/-/call-bound-1.0.4.tgz. Extracting by manifest.
915 silly tarball no local data for side-channel-map@https://registry.npmjs.org/side-channel-map/-/side-channel-map-1.0.1.tgz. Extracting by manifest.
916 silly tarball no local data for side-channel-list@https://registry.npmjs.org/side-channel-list/-/side-channel-list-1.0.1.tgz. Extracting by manifest.
917 silly tarball no local data for es-errors@https://registry.npmjs.org/es-errors/-/es-errors-1.3.0.tgz. Extracting by manifest.
918 silly tarball no local data for object-inspect@https://registry.npmjs.org/object-inspect/-/object-inspect-1.13.4.tgz. Extracting by manifest.
919 silly tarball no local data for is-promise@https://registry.npmjs.org/is-promise/-/is-promise-4.0.0.tgz. Extracting by manifest.
920 silly tarball no local data for path-to-regexp@https://registry.npmjs.org/path-to-regexp/-/path-to-regexp-8.4.2.tgz. Extracting by manifest.
921 silly tarball no local data for side-channel@https://registry.npmjs.org/side-channel/-/side-channel-1.1.1.tgz. Extracting by manifest.
922 silly tarball no local data for @types/node@https://registry.npmjs.org/@types/node/-/node-26.2.0.tgz. Extracting by manifest.
923 silly tarball no local data for es-define-property@https://registry.npmjs.org/es-define-property/-/es-define-property-1.0.1.tgz. Extracting by manifest.
924 silly tarball no local data for ipaddr.js@https://registry.npmjs.org/ipaddr.js/-/ipaddr.js-1.9.1.tgz. Extracting by manifest.
925 silly tarball no local data for forwarded@https://registry.npmjs.org/forwarded/-/forwarded-0.2.0.tgz. Extracting by manifest.
926 silly tarball no local data for unpipe@https://registry.npmjs.org/unpipe/-/unpipe-1.0.0.tgz. Extracting by manifest.
927 silly tarball no local data for @protobufjs/utf8@https://registry.npmjs.org/@protobufjs/utf8/-/utf8-1.1.2.tgz. Extracting by manifest.
928 silly tarball no local data for undici-types@https://registry.npmjs.org/undici-types/-/undici-types-8.3.0.tgz. Extracting by manifest.
929 silly tarball no local data for @protobufjs/pool@https://registry.npmjs.org/@protobufjs/pool/-/pool-1.1.0.tgz. Extracting by manifest.
930 silly tarball no local data for long@https://registry.npmjs.org/long/-/long-5.3.2.tgz. Extracting by manifest.
931 silly tarball no local data for @protobufjs/fetch@https://registry.npmjs.org/@protobufjs/fetch/-/fetch-1.1.1.tgz. Extracting by manifest.
932 silly tarball no local data for retry@https://registry.npmjs.org/retry/-/retry-0.13.1.tgz. Extracting by manifest.
933 silly tarball no local data for @protobufjs/path@https://registry.npmjs.org/@protobufjs/path/-/path-1.1.2.tgz. Extracting by manifest.
934 silly tarball no local data for @protobufjs/base64@https://registry.npmjs.org/@protobufjs/base64/-/base64-1.1.2.tgz. Extracting by manifest.
935 silly tarball no local data for @protobufjs/eventemitter@https://registry.npmjs.org/@protobufjs/eventemitter/-/eventemitter-1.1.1.tgz. Extracting by manifest.
936 silly tarball no local data for @protobufjs/codegen@https://registry.npmjs.org/@protobufjs/codegen/-/codegen-2.0.5.tgz. Extracting by manifest.
937 silly tarball no local data for @protobufjs/float@https://registry.npmjs.org/@protobufjs/float/-/float-1.0.2.tgz. Extracting by manifest.
938 silly tarball no local data for @types/retry@https://registry.npmjs.org/@types/retry/-/retry-0.12.0.tgz. Extracting by manifest.
939 silly tarball no local data for @protobufjs/aspromise@https://registry.npmjs.org/@protobufjs/aspromise/-/aspromise-1.1.2.tgz. Extracting by manifest.
940 silly tarball no local data for ee-first@https://registry.npmjs.org/ee-first/-/ee-first-1.1.1.tgz. Extracting by manifest.
941 silly tarball no local data for balanced-match@https://registry.npmjs.org/balanced-match/-/balanced-match-4.0.4.tgz. Extracting by manifest.
942 silly tarball no local data for brace-expansion@https://registry.npmjs.org/brace-expansion/-/brace-expansion-5.0.9.tgz. Extracting by manifest.
943 silly tarball no local data for wrappy@https://registry.npmjs.org/wrappy/-/wrappy-1.0.2.tgz. Extracting by manifest.
944 silly tarball no local data for is-extglob@https://registry.npmjs.org/is-extglob/-/is-extglob-2.1.1.tgz. Extracting by manifest.
945 silly tarball no local data for fill-range@https://registry.npmjs.org/fill-range/-/fill-range-7.1.1.tgz. Extracting by manifest.
946 silly tarball no local data for to-regex-range@https://registry.npmjs.org/to-regex-range/-/to-regex-range-5.0.1.tgz. Extracting by manifest.
947 silly tarball no local data for binary-extensions@https://registry.npmjs.org/binary-extensions/-/binary-extensions-2.3.0.tgz. Extracting by manifest.
948 http cache content-type@https://registry.npmjs.org/content-type/-/content-type-2.1.0.tgz 0ms (cache hit)
949 silly tarball no local data for readdirp@https://registry.npmjs.org/readdirp/-/readdirp-3.6.0.tgz. Extracting by manifest.
950 silly tarball no local data for normalize-path@https://registry.npmjs.org/normalize-path/-/normalize-path-3.0.0.tgz. Extracting by manifest.
951 silly tarball no local data for is-glob@https://registry.npmjs.org/is-glob/-/is-glob-4.0.3.tgz. Extracting by manifest.
952 silly tarball no local data for braces@https://registry.npmjs.org/braces/-/braces-3.0.3.tgz. Extracting by manifest.
953 silly tarball no local data for anymatch@https://registry.npmjs.org/anymatch/-/anymatch-3.1.3.tgz. Extracting by manifest.
954 silly tarball no local data for is-binary-path@https://registry.npmjs.org/is-binary-path/-/is-binary-path-2.1.0.tgz. Extracting by manifest.
955 silly tarball no local data for touch@https://registry.npmjs.org/touch/-/touch-3.1.1.tgz. Extracting by manifest.
956 silly tarball no local data for undefsafe@https://registry.npmjs.org/undefsafe/-/undefsafe-2.0.5.tgz. Extracting by manifest.
957 silly tarball no local data for supports-color@https://registry.npmjs.org/supports-color/-/supports-color-5.5.0.tgz. Extracting by manifest.
958 silly tarball no local data for picomatch@https://registry.npmjs.org/picomatch/-/picomatch-2.3.2.tgz. Extracting by manifest.
959 silly tarball no local data for simple-update-notifier@https://registry.npmjs.org/simple-update-notifier/-/simple-update-notifier-2.0.0.tgz. Extracting by manifest.
960 silly tarball no local data for pstree.remy@https://registry.npmjs.org/pstree.remy/-/pstree.remy-1.1.8.tgz. Extracting by manifest.
961 silly tarball no local data for glob-parent@https://registry.npmjs.org/glob-parent/-/glob-parent-5.1.2.tgz. Extracting by manifest.
962 silly tarball no local data for minimatch@https://registry.npmjs.org/minimatch/-/minimatch-10.2.6.tgz. Extracting by manifest.
963 silly tarball no local data for web-streams-polyfill@https://registry.npmjs.org/web-streams-polyfill/-/web-streams-polyfill-3.3.3.tgz. Extracting by manifest.
964 silly tarball no local data for semver@https://registry.npmjs.org/semver/-/semver-7.8.5.tgz. Extracting by manifest.
965 silly tarball no local data for chokidar@https://registry.npmjs.org/chokidar/-/chokidar-3.6.0.tgz. Extracting by manifest.
966 silly tarball no local data for node-domexception@https://registry.npmjs.org/node-domexception/-/node-domexception-1.0.0.tgz. Extracting by manifest.
967 silly tarball no local data for ignore-by-default@https://registry.npmjs.org/ignore-by-default/-/ignore-by-default-1.0.1.tgz. Extracting by manifest.
968 silly tarball no local data for formdata-polyfill@https://registry.npmjs.org/formdata-polyfill/-/formdata-polyfill-4.0.10.tgz. Extracting by manifest.
969 silly tarball no local data for fetch-blob@https://registry.npmjs.org/fetch-blob/-/fetch-blob-3.2.0.tgz. Extracting by manifest.
970 silly tarball no local data for data-uri-to-buffer@https://registry.npmjs.org/data-uri-to-buffer/-/data-uri-to-buffer-4.0.1.tgz. Extracting by manifest.
971 silly tarball no local data for buffer-equal-constant-time@https://registry.npmjs.org/buffer-equal-constant-time/-/buffer-equal-constant-time-1.0.1.tgz. Extracting by manifest.
972 silly tarball no local data for toidentifier@https://registry.npmjs.org/toidentifier/-/toidentifier-1.0.1.tgz. Extracting by manifest.
973 silly tarball no local data for mime-db@https://registry.npmjs.org/mime-db/-/mime-db-1.54.0.tgz. Extracting by manifest.
974 silly tarball no local data for jwa@https://registry.npmjs.org/jwa/-/jwa-2.0.1.tgz. Extracting by manifest.
975 silly tarball no local data for safer-buffer@https://registry.npmjs.org/safer-buffer/-/safer-buffer-2.1.2.tgz. Extracting by manifest.
976 silly tarball no local data for bignumber.js@https://registry.npmjs.org/bignumber.js/-/bignumber.js-9.3.1.tgz. Extracting by manifest.
977 silly tarball no local data for inherits@https://registry.npmjs.org/inherits/-/inherits-2.0.4.tgz. Extracting by manifest.
978 silly tarball no local data for setprototypeof@https://registry.npmjs.org/setprototypeof/-/setprototypeof-1.2.0.tgz. Extracting by manifest.
979 silly tarball no local data for json-bigint@https://registry.npmjs.org/json-bigint/-/json-bigint-1.0.0.tgz. Extracting by manifest.
980 silly tarball no local data for node-fetch@https://registry.npmjs.org/node-fetch/-/node-fetch-3.3.2.tgz. Extracting by manifest.
981 silly tarball no local data for agent-base@https://registry.npmjs.org/agent-base/-/agent-base-7.1.4.tgz. Extracting by manifest.
982 silly tarball no local data for jws@https://registry.npmjs.org/jws/-/jws-4.0.1.tgz. Extracting by manifest.
983 silly tarball no local data for https-proxy-agent@https://registry.npmjs.org/https-proxy-agent/-/https-proxy-agent-7.0.6.tgz. Extracting by manifest.
984 silly tarball no local data for extend@https://registry.npmjs.org/extend/-/extend-3.0.2.tgz. Extracting by manifest.
985 silly tarball no local data for google-logging-utils@https://registry.npmjs.org/google-logging-utils/-/google-logging-utils-1.1.3.tgz. Extracting by manifest.
986 silly tarball no local data for safe-buffer@https://registry.npmjs.org/safe-buffer/-/safe-buffer-5.2.1.tgz. Extracting by manifest.
987 silly tarball no local data for gaxios@https://registry.npmjs.org/gaxios/-/gaxios-7.3.1.tgz. Extracting by manifest.
988 silly tarball no local data for ms@https://registry.npmjs.org/ms/-/ms-2.1.3.tgz. Extracting by manifest.
989 silly tarball no local data for raw-body@https://registry.npmjs.org/raw-body/-/raw-body-3.0.2.tgz. Extracting by manifest.
990 silly tarball no local data for gcp-metadata@https://registry.npmjs.org/gcp-metadata/-/gcp-metadata-8.1.2.tgz. Extracting by manifest.
991 silly tarball no local data for base64-js@https://registry.npmjs.org/base64-js/-/base64-js-1.5.1.tgz. Extracting by manifest.
992 silly tarball no local data for ecdsa-sig-formatter@https://registry.npmjs.org/ecdsa-sig-formatter/-/ecdsa-sig-formatter-1.0.11.tgz. Extracting by manifest.
993 silly tarball no local data for bytes@https://registry.npmjs.org/bytes/-/bytes-3.1.2.tgz. Extracting by manifest.
994 silly tarball no local data for type-is@https://registry.npmjs.org/type-is/-/type-is-2.1.0.tgz. Extracting by manifest.
995 silly tarball no local data for iconv-lite@https://registry.npmjs.org/iconv-lite/-/iconv-lite-0.7.3.tgz. Extracting by manifest.
996 silly tarball no local data for statuses@https://registry.npmjs.org/statuses/-/statuses-2.0.2.tgz. Extracting by manifest.
997 silly tarball no local data for serve-static@https://registry.npmjs.org/serve-static/-/serve-static-2.2.1.tgz. Extracting by manifest.
998 silly tarball no local data for negotiator@https://registry.npmjs.org/negotiator/-/negotiator-1.1.0.tgz. Extracting by manifest.
999 silly tarball no local data for range-parser@https://registry.npmjs.org/range-parser/-/range-parser-1.3.0.tgz. Extracting by manifest.
1000 silly tarball no local data for router@https://registry.npmjs.org/router/-/router-2.2.0.tgz. Extracting by manifest.
1001 silly tarball no local data for send@https://registry.npmjs.org/send/-/send-1.2.1.tgz. Extracting by manifest.
1002 silly tarball no local data for qs@https://registry.npmjs.org/qs/-/qs-6.15.3.tgz. Extracting by manifest.
1003 silly tarball no local data for proxy-addr@https://registry.npmjs.org/proxy-addr/-/proxy-addr-2.0.7.tgz. Extracting by manifest.
1004 silly tarball no local data for once@https://registry.npmjs.org/once/-/once-1.4.0.tgz. Extracting by manifest.
1005 silly tarball no local data for parseurl@https://registry.npmjs.org/parseurl/-/parseurl-1.3.3.tgz. Extracting by manifest.
1006 silly tarball no local data for mime-types@https://registry.npmjs.org/mime-types/-/mime-types-3.0.2.tgz. Extracting by manifest.
1007 silly tarball no local data for on-finished@https://registry.npmjs.org/on-finished/-/on-finished-2.4.1.tgz. Extracting by manifest.
1008 silly tarball no local data for merge-descriptors@https://registry.npmjs.org/merge-descriptors/-/merge-descriptors-2.0.0.tgz. Extracting by manifest.
1009 silly tarball no local data for http-errors@https://registry.npmjs.org/http-errors/-/http-errors-2.0.1.tgz. Extracting by manifest.
1010 silly tarball no local data for fresh@https://registry.npmjs.org/fresh/-/fresh-2.0.0.tgz. Extracting by manifest.
1011 silly tarball no local data for finalhandler@https://registry.npmjs.org/finalhandler/-/finalhandler-2.1.1.tgz. Extracting by manifest.
1012 silly tarball no local data for encodeurl@https://registry.npmjs.org/encodeurl/-/encodeurl-2.0.0.tgz. Extracting by manifest.
1013 silly tarball no local data for escape-html@https://registry.npmjs.org/escape-html/-/escape-html-1.0.3.tgz. Extracting by manifest.
1014 silly tarball no local data for etag@https://registry.npmjs.org/etag/-/etag-1.8.1.tgz. Extracting by manifest.
1015 silly tarball no local data for depd@https://registry.npmjs.org/depd/-/depd-2.0.0.tgz. Extracting by manifest.
1016 silly tarball no local data for cookie-signature@https://registry.npmjs.org/cookie-signature/-/cookie-signature-1.2.2.tgz. Extracting by manifest.
1017 silly tarball no local data for debug@https://registry.npmjs.org/debug/-/debug-4.4.3.tgz. Extracting by manifest.
1018 silly tarball no local data for cookie@https://registry.npmjs.org/cookie/-/cookie-0.7.2.tgz. Extracting by manifest.
1019 silly tarball no local data for content-disposition@https://registry.npmjs.org/content-disposition/-/content-disposition-1.1.0.tgz. Extracting by manifest.
1020 silly tarball no local data for content-type@https://registry.npmjs.org/content-type/-/content-type-1.0.5.tgz. Extracting by manifest.
1021 silly tarball no local data for body-parser@https://registry.npmjs.org/body-parser/-/body-parser-2.3.0.tgz. Extracting by manifest.
1022 silly tarball no local data for accepts@https://registry.npmjs.org/accepts/-/accepts-2.0.0.tgz. Extracting by manifest.
1023 silly tarball no local data for vary@https://registry.npmjs.org/vary/-/vary-1.1.2.tgz. Extracting by manifest.
1024 silly tarball no local data for object-assign@https://registry.npmjs.org/object-assign/-/object-assign-4.1.1.tgz. Extracting by manifest.
1025 silly tarball no local data for ws@https://registry.npmjs.org/ws/-/ws-8.21.3.tgz. Extracting by manifest.
1026 silly tarball no local data for protobufjs@https://registry.npmjs.org/protobufjs/-/protobufjs-7.6.5.tgz. Extracting by manifest.
1027 silly tarball no local data for p-retry@https://registry.npmjs.org/p-retry/-/p-retry-4.6.2.tgz. Extracting by manifest.
1028 silly tarball no local data for google-auth-library@https://registry.npmjs.org/google-auth-library/-/google-auth-library-10.9.1.tgz. Extracting by manifest.
1029 silly tarball no local data for nodemon@https://registry.npmjs.org/nodemon/-/nodemon-3.1.14.tgz. Extracting by manifest.
1030 silly tarball no local data for dotenv@https://registry.npmjs.org/dotenv/-/dotenv-17.4.2.tgz. Extracting by manifest.
1031 silly tarball no local data for express@https://registry.npmjs.org/express/-/express-5.2.1.tgz. Extracting by manifest.
1032 silly tarball no local data for cors@https://registry.npmjs.org/cors/-/cors-2.8.6.tgz. Extracting by manifest.
1033 silly tarball no local data for content-type@https://registry.npmjs.org/content-type/-/content-type-2.1.0.tgz. Extracting by manifest.
1034 silly tarball no local data for @google/genai@https://registry.npmjs.org/@google/genai/-/genai-2.18.0.tgz. Extracting by manifest.
1035 silly tarball no local data for content-type@https://registry.npmjs.org/content-type/-/content-type-2.1.0.tgz. Extracting by manifest.
1036 silly tarball no local data for content-type@https://registry.npmjs.org/content-type/-/content-type-2.1.0.tgz. Extracting by manifest.
1037 http fetch GET 200 https://registry.npmjs.org/has-symbols/-/has-symbols-1.1.0.tgz 210ms (cache miss)
1038 http fetch GET 200 https://registry.npmjs.org/hasown/-/hasown-2.0.4.tgz 212ms (cache miss)
1039 http fetch GET 200 https://registry.npmjs.org/has-flag/-/has-flag-3.0.0.tgz 213ms (cache miss)
1040 http fetch GET 200 https://registry.npmjs.org/math-intrinsics/-/math-intrinsics-1.1.0.tgz 214ms (cache miss)
1041 http fetch GET 200 https://registry.npmjs.org/is-number/-/is-number-7.0.0.tgz 215ms (cache miss)
1042 http fetch GET 200 https://registry.npmjs.org/es-object-atoms/-/es-object-atoms-1.1.2.tgz 214ms (cache miss)
1043 http fetch GET 200 https://registry.npmjs.org/media-typer/-/media-typer-1.1.1.tgz 219ms (cache miss)
1044 http fetch GET 200 https://registry.npmjs.org/gopd/-/gopd-1.2.0.tgz 229ms (cache miss)
1045 http fetch GET 200 https://registry.npmjs.org/dunder-proto/-/dunder-proto-1.0.1.tgz 235ms (cache miss)
1046 http fetch GET 200 https://registry.npmjs.org/get-proto/-/get-proto-1.0.1.tgz 234ms (cache miss)
1047 http fetch GET 200 https://registry.npmjs.org/call-bound/-/call-bound-1.0.4.tgz 256ms (cache miss)
1048 http fetch POST 200 https://registry.npmjs.org/-/npm/v1/security/advisories/bulk 324ms
1049 silly audit report {}
1050 http fetch GET 200 https://registry.npmjs.org/es-errors/-/es-errors-1.3.0.tgz 296ms (cache miss)
1051 http fetch GET 200 https://registry.npmjs.org/is-promise/-/is-promise-4.0.0.tgz 299ms (cache miss)
1052 http fetch GET 200 https://registry.npmjs.org/path-to-regexp/-/path-to-regexp-8.4.2.tgz 310ms (cache miss)
1053 http fetch GET 200 https://registry.npmjs.org/side-channel-map/-/side-channel-map-1.0.1.tgz 324ms (cache miss)
1054 http fetch GET 200 https://registry.npmjs.org/side-channel-list/-/side-channel-list-1.0.1.tgz 327ms (cache miss)
1055 http fetch GET 200 https://registry.npmjs.org/side-channel/-/side-channel-1.1.1.tgz 327ms (cache miss)
1056 http fetch GET 200 https://registry.npmjs.org/es-define-property/-/es-define-property-1.0.1.tgz 332ms (cache miss)
1057 http fetch GET 200 https://registry.npmjs.org/object-inspect/-/object-inspect-1.13.4.tgz 354ms (cache miss)
1058 http fetch GET 200 https://registry.npmjs.org/forwarded/-/forwarded-0.2.0.tgz 367ms (cache miss)
1059 http fetch GET 200 https://registry.npmjs.org/unpipe/-/unpipe-1.0.0.tgz 367ms (cache miss)
1060 http fetch GET 200 https://registry.npmjs.org/ipaddr.js/-/ipaddr.js-1.9.1.tgz 372ms (cache miss)
1061 http fetch GET 200 https://registry.npmjs.org/@protobufjs/pool/-/pool-1.1.0.tgz 387ms (cache miss)
1062 http fetch GET 200 https://registry.npmjs.org/retry/-/retry-0.13.1.tgz 397ms (cache miss)
1063 http fetch GET 200 https://registry.npmjs.org/@protobufjs/path/-/path-1.1.2.tgz 428ms (cache miss)
1064 http fetch GET 200 https://registry.npmjs.org/long/-/long-5.3.2.tgz 437ms (cache miss)
1065 http fetch GET 200 https://registry.npmjs.org/@protobufjs/fetch/-/fetch-1.1.1.tgz 445ms (cache miss)
1066 http fetch GET 200 https://registry.npmjs.org/function-bind/-/function-bind-1.1.2.tgz 460ms (cache miss)
1067 http fetch GET 200 https://registry.npmjs.org/@protobufjs/base64/-/base64-1.1.2.tgz 474ms (cache miss)
1068 http fetch GET 200 https://registry.npmjs.org/get-intrinsic/-/get-intrinsic-1.3.0.tgz 480ms (cache miss)
1069 http fetch GET 200 https://registry.npmjs.org/side-channel-weakmap/-/side-channel-weakmap-1.0.2.tgz 483ms (cache miss)
1070 http fetch GET 200 https://registry.npmjs.org/@protobufjs/codegen/-/codegen-2.0.5.tgz 495ms (cache miss)
1071 http fetch GET 200 https://registry.npmjs.org/@types/retry/-/retry-0.12.0.tgz 499ms (cache miss)
1072 http fetch GET 200 https://registry.npmjs.org/@protobufjs/eventemitter/-/eventemitter-1.1.1.tgz 505ms (cache miss)
1073 http fetch GET 200 https://registry.npmjs.org/call-bind-apply-helpers/-/call-bind-apply-helpers-1.0.2.tgz 516ms (cache miss)
1074 http fetch GET 200 https://registry.npmjs.org/ee-first/-/ee-first-1.1.1.tgz 514ms (cache miss)
1075 http fetch GET 200 https://registry.npmjs.org/@protobufjs/float/-/float-1.0.2.tgz 514ms (cache miss)
1076 http fetch GET 200 https://registry.npmjs.org/@protobufjs/aspromise/-/aspromise-1.1.2.tgz 515ms (cache miss)
1077 http fetch GET 200 https://registry.npmjs.org/wrappy/-/wrappy-1.0.2.tgz 530ms (cache miss)
1078 http fetch GET 200 https://registry.npmjs.org/is-extglob/-/is-extglob-2.1.1.tgz 530ms (cache miss)
1079 http fetch GET 200 https://registry.npmjs.org/balanced-match/-/balanced-match-4.0.4.tgz 543ms (cache miss)
1080 http fetch GET 200 https://registry.npmjs.org/brace-expansion/-/brace-expansion-5.0.9.tgz 552ms (cache miss)
1081 http fetch GET 200 https://registry.npmjs.org/binary-extensions/-/binary-extensions-2.3.0.tgz 553ms (cache miss)
1082 http fetch GET 200 https://registry.npmjs.org/undici-types/-/undici-types-8.3.0.tgz 560ms (cache miss)
1083 http fetch GET 200 https://registry.npmjs.org/readdirp/-/readdirp-3.6.0.tgz 558ms (cache miss)
1084 http fetch GET 200 https://registry.npmjs.org/to-regex-range/-/to-regex-range-5.0.1.tgz 567ms (cache miss)
1085 http fetch GET 200 https://registry.npmjs.org/fill-range/-/fill-range-7.1.1.tgz 569ms (cache miss)
1086 http fetch GET 200 https://registry.npmjs.org/braces/-/braces-3.0.3.tgz 574ms (cache miss)
1087 http fetch GET 200 https://registry.npmjs.org/is-glob/-/is-glob-4.0.3.tgz 577ms (cache miss)
1088 http fetch GET 200 https://registry.npmjs.org/normalize-path/-/normalize-path-3.0.0.tgz 581ms (cache miss)
1089 http fetch GET 200 https://registry.npmjs.org/anymatch/-/anymatch-3.1.3.tgz 586ms (cache miss)
1090 http fetch GET 200 https://registry.npmjs.org/touch/-/touch-3.1.1.tgz 599ms (cache miss)
1091 http fetch GET 200 https://registry.npmjs.org/undefsafe/-/undefsafe-2.0.5.tgz 695ms (cache miss)
1092 http fetch GET 200 https://registry.npmjs.org/is-binary-path/-/is-binary-path-2.1.0.tgz 698ms (cache miss)
1093 http fetch GET 200 https://registry.npmjs.org/supports-color/-/supports-color-5.5.0.tgz 701ms (cache miss)
1094 http fetch GET 200 https://registry.npmjs.org/pstree.remy/-/pstree.remy-1.1.8.tgz 795ms (cache miss)
1095 http fetch GET 200 https://registry.npmjs.org/glob-parent/-/glob-parent-5.1.2.tgz 850ms (cache miss)
1096 http fetch GET 200 https://registry.npmjs.org/ignore-by-default/-/ignore-by-default-1.0.1.tgz 859ms (cache miss)
1097 http fetch GET 200 https://registry.npmjs.org/safer-buffer/-/safer-buffer-2.1.2.tgz 888ms (cache miss)
1098 http fetch GET 200 https://registry.npmjs.org/buffer-equal-constant-time/-/buffer-equal-constant-time-1.0.1.tgz 893ms (cache miss)
1099 http fetch GET 200 https://registry.npmjs.org/inherits/-/inherits-2.0.4.tgz 900ms (cache miss)
1100 http fetch GET 200 https://registry.npmjs.org/setprototypeof/-/setprototypeof-1.2.0.tgz 900ms (cache miss)
1101 http fetch GET 200 https://registry.npmjs.org/toidentifier/-/toidentifier-1.0.1.tgz 904ms (cache miss)
1102 http fetch GET 200 https://registry.npmjs.org/json-bigint/-/json-bigint-1.0.0.tgz 905ms (cache miss)
1103 http fetch GET 200 https://registry.npmjs.org/data-uri-to-buffer/-/data-uri-to-buffer-4.0.1.tgz 930ms (cache miss)
1104 http fetch GET 200 https://registry.npmjs.org/agent-base/-/agent-base-7.1.4.tgz 931ms (cache miss)
1105 http fetch GET 200 https://registry.npmjs.org/@protobufjs/utf8/-/utf8-1.1.2.tgz 944ms (cache miss)
1106 http fetch GET 200 https://registry.npmjs.org/jwa/-/jwa-2.0.1.tgz 941ms (cache miss)
1107 http fetch GET 200 https://registry.npmjs.org/https-proxy-agent/-/https-proxy-agent-7.0.6.tgz 947ms (cache miss)
1108 http fetch GET 200 https://registry.npmjs.org/chokidar/-/chokidar-3.6.0.tgz 951ms (cache miss)
1109 http fetch GET 200 https://registry.npmjs.org/formdata-polyfill/-/formdata-polyfill-4.0.10.tgz 951ms (cache miss)
1110 http fetch GET 200 https://registry.npmjs.org/fetch-blob/-/fetch-blob-3.2.0.tgz 962ms (cache miss)
1111 http fetch GET 200 https://registry.npmjs.org/picomatch/-/picomatch-2.3.2.tgz 972ms (cache miss)
1112 http fetch GET 200 https://registry.npmjs.org/simple-update-notifier/-/simple-update-notifier-2.0.0.tgz 982ms (cache miss)
1113 http fetch GET 200 https://registry.npmjs.org/jws/-/jws-4.0.1.tgz 984ms (cache miss)
1114 http fetch GET 200 https://registry.npmjs.org/mime-db/-/mime-db-1.54.0.tgz 988ms (cache miss)
1115 http fetch GET 200 https://registry.npmjs.org/safe-buffer/-/safe-buffer-5.2.1.tgz 986ms (cache miss)
1116 http fetch GET 200 https://registry.npmjs.org/ms/-/ms-2.1.3.tgz 1013ms (cache miss)
1117 http fetch GET 200 https://registry.npmjs.org/extend/-/extend-3.0.2.tgz 1019ms (cache miss)
1118 http fetch GET 200 https://registry.npmjs.org/bignumber.js/-/bignumber.js-9.3.1.tgz 1030ms (cache miss)
1119 http fetch GET 200 https://registry.npmjs.org/raw-body/-/raw-body-3.0.2.tgz 1029ms (cache miss)
1120 http fetch GET 200 https://registry.npmjs.org/google-logging-utils/-/google-logging-utils-1.1.3.tgz 1055ms (cache miss)
1121 http fetch GET 200 https://registry.npmjs.org/node-fetch/-/node-fetch-3.3.2.tgz 1057ms (cache miss)
1122 http fetch GET 200 https://registry.npmjs.org/gcp-metadata/-/gcp-metadata-8.1.2.tgz 1056ms (cache miss)
1123 http fetch GET 200 https://registry.npmjs.org/base64-js/-/base64-js-1.5.1.tgz 1057ms (cache miss)
1124 http fetch GET 200 https://registry.npmjs.org/@types/node/-/node-26.2.0.tgz 1086ms (cache miss)
1125 http fetch GET 200 https://registry.npmjs.org/node-domexception/-/node-domexception-1.0.0.tgz 1090ms (cache miss)
1126 warn deprecated node-domexception@1.0.0: Use your platform's native DOMException instead
1127 http fetch GET 200 https://registry.npmjs.org/ecdsa-sig-formatter/-/ecdsa-sig-formatter-1.0.11.tgz 1092ms (cache miss)
1128 http fetch GET 200 https://registry.npmjs.org/type-is/-/type-is-2.1.0.tgz 1122ms (cache miss)
1129 http fetch GET 200 https://registry.npmjs.org/bytes/-/bytes-3.1.2.tgz 1124ms (cache miss)
1130 http fetch GET 200 https://registry.npmjs.org/semver/-/semver-7.8.5.tgz 1132ms (cache miss)
1131 http fetch GET 200 https://registry.npmjs.org/minimatch/-/minimatch-10.2.6.tgz 1156ms (cache miss)
1132 http fetch GET 200 https://registry.npmjs.org/statuses/-/statuses-2.0.2.tgz 1154ms (cache miss)
1133 http fetch GET 200 https://registry.npmjs.org/serve-static/-/serve-static-2.2.1.tgz 1227ms (cache miss)
1134 http fetch GET 200 https://registry.npmjs.org/range-parser/-/range-parser-1.3.0.tgz 1275ms (cache miss)
1135 http fetch GET 200 https://registry.npmjs.org/negotiator/-/negotiator-1.1.0.tgz 1276ms (cache miss)
1136 http fetch GET 200 https://registry.npmjs.org/router/-/router-2.2.0.tgz 1310ms (cache miss)
1137 http fetch GET 200 https://registry.npmjs.org/send/-/send-1.2.1.tgz 1311ms (cache miss)
1138 http fetch GET 200 https://registry.npmjs.org/proxy-addr/-/proxy-addr-2.0.7.tgz 1312ms (cache miss)
1139 http fetch GET 200 https://registry.npmjs.org/once/-/once-1.4.0.tgz 1336ms (cache miss)
1140 http fetch GET 200 https://registry.npmjs.org/qs/-/qs-6.15.3.tgz 1351ms (cache miss)
1141 http fetch GET 200 https://registry.npmjs.org/gaxios/-/gaxios-7.3.1.tgz 1371ms (cache miss)
1142 http fetch GET 200 https://registry.npmjs.org/parseurl/-/parseurl-1.3.3.tgz 1391ms (cache miss)
1143 http fetch GET 200 https://registry.npmjs.org/on-finished/-/on-finished-2.4.1.tgz 1414ms (cache miss)
1144 http fetch GET 200 https://registry.npmjs.org/mime-types/-/mime-types-3.0.2.tgz 1423ms (cache miss)
1145 http fetch GET 200 https://registry.npmjs.org/merge-descriptors/-/merge-descriptors-2.0.0.tgz 1444ms (cache miss)
1146 http fetch GET 200 https://registry.npmjs.org/http-errors/-/http-errors-2.0.1.tgz 1466ms (cache miss)
1147 http fetch GET 200 https://registry.npmjs.org/fresh/-/fresh-2.0.0.tgz 1466ms (cache miss)
1148 http fetch GET 200 https://registry.npmjs.org/finalhandler/-/finalhandler-2.1.1.tgz 1468ms (cache miss)
1149 http fetch GET 200 https://registry.npmjs.org/depd/-/depd-2.0.0.tgz 1488ms (cache miss)
1150 http fetch GET 200 https://registry.npmjs.org/encodeurl/-/encodeurl-2.0.0.tgz 1491ms (cache miss)
1151 http fetch GET 200 https://registry.npmjs.org/etag/-/etag-1.8.1.tgz 1495ms (cache miss)
1152 http fetch GET 200 https://registry.npmjs.org/cookie-signature/-/cookie-signature-1.2.2.tgz 1496ms (cache miss)
1153 http fetch GET 200 https://registry.npmjs.org/escape-html/-/escape-html-1.0.3.tgz 1498ms (cache miss)
1154 http fetch GET 200 https://registry.npmjs.org/debug/-/debug-4.4.3.tgz 1506ms (cache miss)
1155 http fetch GET 200 https://registry.npmjs.org/cookie/-/cookie-0.7.2.tgz 1516ms (cache miss)
1156 http fetch GET 200 https://registry.npmjs.org/content-disposition/-/content-disposition-1.1.0.tgz 1520ms (cache miss)
1157 http fetch GET 200 https://registry.npmjs.org/content-type/-/content-type-1.0.5.tgz 1522ms (cache miss)
1158 http fetch GET 200 https://registry.npmjs.org/iconv-lite/-/iconv-lite-0.7.3.tgz 1538ms (cache miss)
1159 http fetch GET 200 https://registry.npmjs.org/body-parser/-/body-parser-2.3.0.tgz 1541ms (cache miss)
1160 http fetch GET 200 https://registry.npmjs.org/object-assign/-/object-assign-4.1.1.tgz 1558ms (cache miss)
1161 http fetch GET 200 https://registry.npmjs.org/vary/-/vary-1.1.2.tgz 1559ms (cache miss)
1162 http fetch GET 200 https://registry.npmjs.org/accepts/-/accepts-2.0.0.tgz 1560ms (cache miss)
1163 http fetch GET 200 https://registry.npmjs.org/ws/-/ws-8.21.3.tgz 1603ms (cache miss)
1164 http fetch GET 200 https://registry.npmjs.org/p-retry/-/p-retry-4.6.2.tgz 1608ms (cache miss)
1165 http fetch GET 200 https://registry.npmjs.org/dotenv/-/dotenv-17.4.2.tgz 1685ms (cache miss)
1166 http fetch GET 200 https://registry.npmjs.org/cors/-/cors-2.8.6.tgz 1710ms (cache miss)
1167 http fetch GET 200 https://registry.npmjs.org/content-type/-/content-type-2.1.0.tgz 1711ms (cache miss)
1168 http fetch GET 200 https://registry.npmjs.org/express/-/express-5.2.1.tgz 1721ms (cache miss)
1169 http fetch GET 200 https://registry.npmjs.org/content-type/-/content-type-2.1.0.tgz 1724ms (cache miss)
1170 http fetch GET 200 https://registry.npmjs.org/content-type/-/content-type-2.1.0.tgz 1717ms (cache miss)
1171 http fetch GET 200 https://registry.npmjs.org/nodemon/-/nodemon-3.1.14.tgz 1776ms (cache miss)
1172 http fetch GET 200 https://registry.npmjs.org/google-auth-library/-/google-auth-library-10.9.1.tgz 1825ms (cache miss)
1173 http fetch GET 200 https://registry.npmjs.org/web-streams-polyfill/-/web-streams-polyfill-3.3.3.tgz 1840ms (cache miss)
1174 http fetch GET 200 https://registry.npmjs.org/protobufjs/-/protobufjs-7.6.5.tgz 2078ms (cache miss)
1175 http fetch GET 200 https://registry.npmjs.org/@google/genai/-/genai-2.18.0.tgz 3369ms (cache miss)
1176 info run @google/genai@2.18.0 preinstall node_modules/@google/genai echo 'preinstall: no-op'
1177 info run @google/genai@2.18.0 preinstall { code: 0, signal: null }
1178 info run protobufjs@7.6.5 postinstall node_modules/protobufjs node scripts/postinstall
1179 info run protobufjs@7.6.5 postinstall { code: 0, signal: null }
1180 silly ADD node_modules/media-typer
1181 silly ADD node_modules/is-number
1182 silly ADD node_modules/has-flag
1183 silly ADD node_modules/dunder-proto
1184 silly ADD node_modules/math-intrinsics
1185 silly ADD node_modules/hasown
1186 silly ADD node_modules/has-symbols
1187 silly ADD node_modules/gopd
1188 silly ADD node_modules/get-proto
1189 silly ADD node_modules/es-object-atoms
1190 silly ADD node_modules/function-bind
1191 silly ADD node_modules/call-bind-apply-helpers
1192 silly ADD node_modules/get-intrinsic
1193 silly ADD node_modules/call-bound
1194 silly ADD node_modules/side-channel-weakmap
1195 silly ADD node_modules/side-channel-map
1196 silly ADD node_modules/side-channel-list
1197 silly ADD node_modules/object-inspect
1198 silly ADD node_modules/es-errors
1199 silly ADD node_modules/path-to-regexp
1200 silly ADD node_modules/is-promise
1201 silly ADD node_modules/unpipe
1202 silly ADD node_modules/side-channel
1203 silly ADD node_modules/es-define-property
1204 silly ADD node_modules/ipaddr.js
1205 silly ADD node_modules/forwarded
1206 silly ADD node_modules/undici-types
1207 silly ADD node_modules/long
1208 silly ADD node_modules/@types/node
1209 silly ADD node_modules/@protobufjs/utf8
1210 silly ADD node_modules/@protobufjs/pool
1211 silly ADD node_modules/@protobufjs/path
1212 silly ADD node_modules/@protobufjs/float
1213 silly ADD node_modules/@protobufjs/fetch
1214 silly ADD node_modules/@protobufjs/eventemitter
1215 silly ADD node_modules/@protobufjs/codegen
1216 silly ADD node_modules/@protobufjs/base64
1217 silly ADD node_modules/@protobufjs/aspromise
1218 silly ADD node_modules/retry
1219 silly ADD node_modules/@types/retry
1220 silly ADD node_modules/wrappy
1221 silly ADD node_modules/ee-first
1222 silly ADD node_modules/balanced-match
1223 silly ADD node_modules/brace-expansion
1224 silly ADD node_modules/is-extglob
1225 silly ADD node_modules/binary-extensions
1226 silly ADD node_modules/to-regex-range
1227 silly ADD node_modules/fill-range
1228 silly ADD node_modules/picomatch
1229 silly ADD node_modules/readdirp
1230 silly ADD node_modules/normalize-path
1231 silly ADD node_modules/is-glob
1232 silly ADD node_modules/is-binary-path
1233 silly ADD node_modules/glob-parent
1234 silly ADD
1235 silly ADD node_modules/braces
1236 silly ADD node_modules/anymatch
1237 silly ADD node_modules/undefsafe
1238 silly ADD node_modules/touch
1239 silly ADD node_modules/supports-color
1240 silly ADD node_modules/simple-update-notifier
1241 silly ADD node_modules/semver
1242 silly ADD node_modules/pstree.remy
1243 silly ADD node_modules/minimatch
1244 silly ADD node_modules/ignore-by-default
1245 silly ADD node_modules/chokidar
1246 silly ADD node_modules/web-streams-polyfill
1247 silly ADD node_modules/node-domexception
1248 silly ADD node_modules/formdata-polyfill
1249 silly ADD node_modules/fetch-blob
1250 silly ADD node_modules/data-uri-to-buffer
1251 silly ADD node_modules/mime-db
1252 silly ADD node_modules/buffer-equal-constant-time
1253 silly ADD node_modules/jwa
1254 silly ADD node_modules/bignumber.js
1255 silly ADD node_modules/safer-buffer
1256 silly ADD node_modules/agent-base
1257 silly ADD node_modules/toidentifier
1258 silly ADD node_modules/setprototypeof
1259 silly ADD node_modules/inherits
1260 silly ADD node_modules/json-bigint
1261 silly ADD node_modules/node-fetch
1262 silly ADD node_modules/https-proxy-agent
1263 silly ADD node_modules/extend
1264 silly ADD node_modules/safe-buffer
1265 silly ADD node_modules/jws
1266 silly ADD node_modules/google-logging-utils
1267 silly ADD node_modules/gcp-metadata
1268 silly ADD node_modules/gaxios
1269 silly ADD node_modules/ecdsa-sig-formatter
1270 silly ADD node_modules/base64-js
1271 silly ADD node_modules/ms
1272 silly ADD node_modules/raw-body
1273 silly ADD node_modules/iconv-lite
1274 silly ADD node_modules/bytes
1275 silly ADD node_modules/negotiator
1276 silly ADD node_modules/negotiator/node_modules/content-type
1277 silly ADD node_modules/type-is
1278 silly ADD node_modules/type-is/node_modules/content-type
1279 silly ADD node_modules/statuses
1280 silly ADD node_modules/serve-static
1281 silly ADD node_modules/send
1282 silly ADD node_modules/router
1283 silly ADD node_modules/range-parser
1284 silly ADD node_modules/qs
1285 silly ADD node_modules/proxy-addr
1286 silly ADD node_modules/parseurl
1287 silly ADD node_modules/once
1288 silly ADD node_modules/on-finished
1289 silly ADD node_modules/mime-types
1290 silly ADD node_modules/merge-descriptors
1291 silly ADD node_modules/http-errors
1292 silly ADD node_modules/fresh
1293 silly ADD node_modules/finalhandler
1294 silly ADD node_modules/etag
1295 silly ADD node_modules/escape-html
1296 silly ADD node_modules/encodeurl
1297 silly ADD node_modules/depd
1298 silly ADD node_modules/debug
1299 silly ADD node_modules/cookie-signature
1300 silly ADD node_modules/cookie
1301 silly ADD node_modules/content-type
1302 silly ADD node_modules/content-disposition
1303 silly ADD node_modules/body-parser
1304 silly ADD node_modules/body-parser/node_modules/content-type
1305 silly ADD node_modules/accepts
1306 silly ADD node_modules/vary
1307 silly ADD node_modules/object-assign
1308 silly ADD node_modules/ws
1309 silly ADD node_modules/protobufjs
1310 silly ADD node_modules/p-retry
1311 silly ADD node_modules/google-auth-library
1312 silly ADD node_modules/nodemon
1313 silly ADD node_modules/express
1314 silly ADD node_modules/dotenv
1315 silly ADD node_modules/cors
1316 silly ADD node_modules/@google/genai
1317 verbose cwd E:\portfolio\my-portfolio\server
1318 verbose os Windows_NT 10.0.26200
1319 verbose node v22.14.0
1320 verbose npm  v10.9.2
1321 verbose exit 0
1322 info ok
